Country,Precipitation,12.2.2 Consumption,9.c.1 3G Coverage,9.b.1 Proportion of Tech Value,9.5.1 research spending per GDP,9.4.1 CO2 Emission,9.2.2 percentage of manufacturing employment,9.2.1. Manufacutring add value,9.1.2 Transportation Volume,8.10.1 number of ATM,8.6.1 not in education or employment,8.4.1 material footprint,8.2.1 Annual growth per employee,8.1.1 Annual Growth Rate,4.b.1 Scholars,4.2.2 Organized Learning,4.1.1 Reading Proficiency,2.2.2 Malnutritiohn,2.1.2 Food insecurities,2.1.1 Undernourishment,Poverty Rate (Goal),Region,Population,Area (sq. mi.),Pop. Density (per sq. mi.),Coastline (coast/area ratio),Net migration,Infant mortality (per 1000 births),GDP ($ per capita),Literacy (%),Phones (per 1000),Arable (%),Crops (%),Other (%),Climate,Birthrate,Deathrate,Agriculture,Industry,Service,CoastlineLength,Date
STP,3200,3848329.74,2,?,?,?,?,99.71,152548877.6,56.97,?,2437400.27,1.2,1.56,0.48,54.01,?,?,?,13.5,32.3,SUB-SAHARAN AFRICA                 ,193413,1001,193.2,20.88,-2.72,43.11,1200,79.3,36.2,6.25,48.96,44.79,2,40.25,6.47,0.167,0.148,0.684,?,?
PNG,"3,142",489343565.6,60,12.61,?,?,?,55.8,7516790443,10.16,?,41666226.56,39.1,4.41,27.54,?,?,?,?,17.5,45.5,OCEANIA                            ,5670544,462840,12.3,1.11,0,51.45,2200,64.6,10.9,0.46,1.44,98.1,2,29.36,7.25,0.353,0.381,0.266,5.152,2014
SLB,"3,028",23513296.41,11.5,?,?,?,?,113.82,448007273.6,15.49,?,?,1.3,-0.26,6.07,65.39,?,7.9,?,13.9,45.6,OCEANIA                            ,552438,28450,19.4,18.67,0,21.29,1700,,13.4,0.64,2,97.36,2,30.01,3.92,0.42,0.11,0.47,5.313,2014
CRI,"2,926",215975525.6,99,23.06,?,7.19,10.86,1216.37,85719107353,83.55,18.9,72501540.68,4.5,3.63,1.86,93.41,59.69,?,14.4,5.6,6.5,LATIN AMER. & CARIB    ,4075261,51100,79.8,2.52,0.51,9.95,9100,96.0,340.7,4.41,5.88,89.71,2,18.32,4.36,0.088,0.299,0.614,1.290,2014
MYS,"2,875",2957386960,92,42.56,1.3,221.08,16.51,2490.64,3.97E+11,60.95,?,1355303508,2.4,3.28,3.59,98.6,62.82,8,?,?,0.5,ASIA (EX. NEAR EAST)         ,24385858,329750,74.0,1.42,0,17.7,9000,88.7,179.0,5.48,17.61,76.91,2,22.86,5.05,0.084,0.48,0.436,4.675,2014
BRN,"2,722",?,?,?,?,?,?,?,?,?,?,?,?,?,?,?,?,?,?,?,?,ASIA (EX. NEAR EAST)         ,379444,5770,65.8,2.79,3.59,12.61,18600,93.9,237.2,0.57,0.76,98.67,2,18.79,3.45,0.036,0.561,0.403,161,2014
IDN,"2,702",10015652541,60,35.08,?,442.49,13.71,842.8,6.88E+11,71.07,22.9,3088926315,5.8,3.64,65.85,?,44.62,?,?,7.9,43.1,ASIA (EX. NEAR EAST)         ,245452739,1919440,127.9,2.85,0,35.6,3200,87.9,52.0,11.32,7.23,81.45,2,20.34,6.25,0.134,0.458,0.408,54.716,2014
PAN,"2,692",161410589.8,79,6.19,?,11.81,?,609.88,1.09E+11,91.29,?,57822835.94,2.7,4.04,0.92,78.88,?,?,?,9.3,21.5,LATIN AMER. & CARIB    ,3191319,78200,40.8,3.18,-0.91,20.47,6300,92.6,137.9,7.36,1.98,90.66,2,21.74,5.36,0.068,0.156,0.776,2.490,2014
BGD,"2,666",2477464636,71,9.47,?,71.18,?,202.33,76468608857,15.22,?,732892227.3,4.7,5.37,13.94,?,?,?,?,15.1,74.2,ASIA (EX. NEAR EAST)         ,147365352,144000,1023.4,0.40,-0.71,62.6,1900,43.1,7.3,62.11,3.07,34.82,2,29.8,8.27,0.199,0.198,0.603,580,2014
COL,"2,612",1602015390,100,20.94,0.29,72.8,12.11,829.89,2.85E+11,56.49,21.7,906398801.3,0.9,2.12,7.26,?,57.15,?,?,7.1,20.2,LATIN AMER. & CARIB    ,43593035,1138910,38.3,0.28,-0.31,20.97,6300,92.5,176.2,2.42,1.67,95.91,2,20.48,5.58,0.125,0.342,0.533,3.208,2014
FJI,"2,592",34138007.27,68.35,7.13,?,?,?,483.88,2977003278,58.2,?,12607187.59,5.1,3.11,6.21,?,?,?,?,4.6,6.2,OCEANIA                            ,905949,18270,49.6,6.18,-3.14,12.62,5800,93.7,112.6,10.95,4.65,84.4,2,22.55,5.65,0.089,0.135,0.776,1.129,2014
SLE,"2,526",285995541,20,?,?,?,?,9.75,2139994894,?,?,76601688.5,-22.9,-22.33,0.87,32.8,?,?,?,30.9,62.8,SUB-SAHARAN AFRICA                 ,6005250,71740,83.7,0.56,0,143.64,500,31.4,4.0,6.98,0.89,92.13,2,45.76,23.03,0.49,0.31,0.21,402,2014
SGP,"2,497",?,?,?,?,?,?,?,?,?,?,?,?,?,?,?,?,?,?,?,?,ASIA (EX. NEAR EAST)         ,4492150,693,6482.2,27.85,11.53,2.29,23700,92.5,411.4,1.64,0,98.36,2,9.34,4.28,0,0.339,0.661,193,2014
LBR,"2,391",97520107.77,50,?,?,?,?,21.42,850060453.2,?,?,15446659.59,-2.7,6.66,0.92,84.25,?,?,?,42.8,68.6,SUB-SAHARAN AFRICA                 ,3042004,111370,27.3,0.52,0,128.87,1000,57.5,2.3,3.95,2.28,93.77,2,44.77,23.1,0.769,0.054,0.177,579,2014
NIC,"2,391",189073536,75,?,0.11,5.7,?,273.15,7301774719,26.44,?,45863535.65,2.5,3.68,0.83,?,?,?,?,17,16.5,LATIN AMER. & CARIB    ,5570129,129494,43.0,0.70,-1.22,29.11,2300,67.5,39.7,15.94,1.94,82.12,2,24.51,4.45,0.165,0.275,0.56,910,2014
GUY,"2,387",?,?,?,?,?,?,?,?,?,?,?,?,?,?,?,?,?,?,?,?,LATIN AMER. & CARIB    ,767245,214970,3.6,0.21,-2.07,33.26,4000,98.8,143.5,2.44,0.15,97.41,2,18.28,8.28,0.37,0.203,0.427,459,2014
GRD,"2,350",?,?,?,?,?,?,?,?,?,?,?,?,?,?,?,?,?,?,?,?,LATIN AMER. & CARIB    ,89703,344,260.8,35.17,-13.92,14.62,5000,98.0,364.5,5.88,29.41,64.71,2,22.08,6.88,0.054,0.18,0.766,121,2014
PHL,"2,348",2382895152,78,45.95,?,104.23,?,608.43,1.34E+11,33.91,22.7,868392081.8,4.3,4.38,14.37,84.59,?,7.1,?,13.8,21.2,ASIA (EX. NEAR EAST)         ,89468677,300000,298.2,12.10,-1.5,23.51,4600,92.6,38.4,18.95,16.77,64.28,2,24.89,5.41,0.144,0.326,0.53,36.289,2014
SUR,"2,331",?,?,?,?,?,?,?,?,?,?,?,?,?,?,?,?,?,?,?,?,LATIN AMER. & CARIB    ,439117,163270,2.7,0.24,-8.81,23.57,4000,93.0,184.7,0.37,0.06,99.57,2,18.02,7.27,0.13,0.22,0.65,386,2014
SYC,"2,330",1418759.07,90,?,?,?,7.3,994.5,1609999501,119.01,?,4328045.28,?,4.43,0.88,97.42,?,?,9.3,?,1.1,SUB-SAHARAN AFRICA                 ,81541,455,179.2,107.91,-5.69,15.53,7800,58.0,262.4,2.22,13.33,84.45,2,16.03,6.29,0.032,0.304,0.665,491,2014
LCA,"2,301",?,?,?,?,?,?,?,?,?,?,?,?,?,?,?,?,?,?,?,?,LATIN AMER. & CARIB    ,168458,616,273.5,25.65,-2.67,13.53,5400,67.0,303.3,6.56,22.95,70.49,2,19.68,5.08,0.07,0.2,0.73,158,2014
TTO,"2,200",?,?,?,?,?,?,?,?,?,?,?,?,?,?,?,?,?,?,?,?,LATIN AMER. & CARIB    ,1065842,5128,207.9,7.06,-10.83,24.31,9500,98.6,303.5,14.62,9.16,76.22,2,12.9,10.57,0.007,0.57,0.423,362,2014
BTN,"2,200",52594069.13,80,?,?,?,6.48,225.81,3026257877,41.82,?,15904748.19,0.6,5.12,6.07,?,?,?,?,?,35.2,ASIA (EX. NEAR EAST)         ,2279723,47000,48.5,0.00,0,100.44,1300,42.2,14.3,3.09,0.43,96.48,2,33.65,12.7,0.258,0.379,0.363,0,2014
GNQ,"2,156",134058085,?,?,?,?,?,?,23123852914,12.24,?,?,-13.8,-12.59,0.17,43.88,?,?,?,?,7.1,SUB-SAHARAN AFRICA                 ,540109,28051,19.3,1.06,0,85.13,2700,85.7,18.5,4.63,3.57,91.8,2,35.59,15.06,0.03,0.906,0.062,296,2014
MMR,"2,091",1049595132,79.3,6.63,?,24.74,10.87,268.96,17687396695,5.34,18.6,151484467.7,6.2,6.01,12.4,?,?,?,6.3,16.9,61,ASIA (EX. NEAR EAST)         ,47382633,678500,69.8,0.28,-1.8,67.24,1800,85.3,10.1,15.19,0.97,83.84,2,17.91,9.83,0.564,0.082,0.353,1.930,2014
ECU,"2,087",760896519.6,91.86,10.27,?,38.19,11,657.26,1.27E+11,65.54,19.8,309141654.7,-5.2,-1.34,2.29,98.74,?,?,19.8,12.1,30.2,LATIN AMER. & CARIB    ,13547510,283560,47.8,0.79,-8.58,23.66,3300,92.5,125.6,5.85,4.93,89.22,2,22.29,4.23,0.07,0.312,0.618,2.237,2014
DMA,"2,083",?,?,?,?,?,?,?,?,?,?,?,?,?,?,?,?,?,?,?,?,LATIN AMER. & CARIB    ,68910,754,91.4,19.63,-13.87,14.15,5400,94.0,304.8,6.67,20,73.33,2,15.27,6.73,0.177,0.328,0.495,148,2014
PRI,"2,054",?,?,?,?,?,?,?,?,?,?,?,?,?,?,?,?,?,?,?,?,LATIN AMER. & CARIB    ,3927188,13790,284.8,3.63,-1.46,8.24,16800,94.1,283.1,3.95,5.52,90.53,2,12.77,7.65,0.01,0.45,0.54,501,2014
JAM,"2,051",105751632.4,90,18.77,?,7.68,6.41,377.25,26347514110,35.57,?,44373657.7,-0.5,0.55,1.13,96.38,?,?,?,8.4,2.8,LATIN AMER. & CARIB    ,2758124,10991,250.9,9.30,-4.92,12.36,3900,87.9,124.0,16.07,10.16,73.77,2,20.82,6.52,0.049,0.337,0.615,1.022,2014
MUS,"2,041",89268469.62,92.8,8.86,?,4.33,21.75,1296.09,7055941702,67.31,?,51378130.09,2,3.28,1.97,95.04,?,?,15,5.2,0.5,SUB-SAHARAN AFRICA                 ,1240827,2040,608.3,8.68,-0.9,15.03,11400,85.6,289.3,49.26,2.96,47.78,2,15.43,6.86,0.059,0.298,0.643,177,2014
GTM,"1,996",476899139.1,92,22.4,0.03,15.49,12.82,574.94,52397497867,68.94,26.5,107467839.8,1.4,2.03,1.09,80.26,?,4.7,33,15.6,11.7,LATIN AMER. & CARIB    ,12293545,108890,112.9,0.37,-1.67,35.93,4100,70.6,92.1,12.54,5.03,82.43,2,29.88,5.2,0.227,0.188,0.585,400,2014
HND,"1,976",213553327,83.12,7.16,0.02,9.78,14.95,351.95,26349300591,42.8,27,60671057,-3.4,1.89,0.88,76.17,?,?,?,14.8,31.3,LATIN AMER. & CARIB    ,7326496,112090,65.4,0.73,-1.99,29.32,2600,76.2,67.5,9.55,3.22,87.23,2,28.24,5.28,0.139,0.312,0.549,832,2014
MDV,"1,972",16332008.9,100,2.63,?,?,?,235.52,1254730251,37.97,?,12000752.92,1.2,-0.24,3.7,93.27,?,?,?,8.5,10,ASIA (EX. NEAR EAST)         ,359008,300,1196.7,214.67,0,56.52,3900,97.2,90.0,13.33,16.67,70,2,34.81,7.06,0.2,0.18,0.62,644,2014
ISL,"1,940",20932090,99,16.57,2.19,2.38,10.24,6627.06,8232384295,103.18,4.6,20683481.99,1.5,3.53,?,99.78,77.91,?,?,?,0.2,WESTERN EUROPE                     ,299388,103000,2.9,4.83,2.38,3.31,30900,99.9,647.7,0.07,0,99.93,3,13.64,6.72,0.086,0.15,0.765,4.970,2014
KHM,"1,904",455183321.7,70,0.26,0.12,8.25,?,185.54,9362793317,19.47,?,104001171.2,5.2,5.33,13.17,?,?,?,43.8,15.3,39.1,ASIA (EX. NEAR EAST)         ,13881427,181040,76.7,0.24,0,71.48,1900,69.4,2.6,20.96,0.61,78.43,2,26.9,9.06,0.35,0.3,0.35,443,2014
VEN,"1,875",1218881001,90,34.28,0.25,137.75,?,1557.87,3.46E+11,62.54,?,436758235.1,-6.9,-7.48,1.35,92.45,?,?,?,13,20,LATIN AMER. & CARIB    ,25730435,912050,28.2,0.31,-0.04,22.2,4800,93.4,140.1,2.95,0.92,96.13,2,18.71,4.92,0.04,0.419,0.541,2.800,2014
UKR,"1,875",3227419045,35,30.36,0.61,192.68,12.58,350.94,1.28E+11,87.47,17.6,1007602401,-9.7,-9.32,10.65,?,?,?,?,?,2.1,C.W. OF IND. STATES ,46710816,603700,77.4,0.46,-0.39,20.34,5400,99.7,259.9,56.21,1.61,42.18,3,8.82,14.39,0.187,0.452,0.361,2.782,2014
LAO,"1,834",365989079.2,65,?,?,?,?,161.74,4341239033,26.21,?,87816025.44,5.2,5.86,11.2,55.21,?,?,?,17.1,79.3,ASIA (EX. NEAR EAST)         ,6368481,236800,26.9,0.00,0,85.22,1700,66.4,14.1,3.8,0.35,95.85,2,35.49,11.55,0.455,0.287,0.258,0,2014
GAB,"1,831",61080551.08,97,5.39,?,4.93,?,396,45120939432,?,?,17594494.27,-0.3,1.08,1.6,?,?,?,?,7,8,SUB-SAHARAN AFRICA                 ,1424906,267667,5.3,0.33,0,53.64,5500,63.2,27.4,1.26,0.66,98.08,2,36.16,12.25,0.061,0.592,0.348,885,2014
VNM,"1,821",5691782451,70,40.36,0.44,170.75,15.69,269.53,1.04E+11,27.81,?,1731199220,5.8,5.51,44.75,98.74,86.16,6.4,7.8,10.7,38,ASIA (EX. NEAR EAST)         ,84402966,329560,256.1,1.05,-0.45,25.95,2500,90.3,187.7,19.97,5.95,74.08,2,16.86,6.22,0.209,0.41,0.381,3.444,2014
BRA,"1,782",14940440448,93.53,35.16,1.28,451.25,12.54,1376.81,1.71E+12,134.99,21.5,5210225728,-3.5,-4.59,14.31,92.68,48.89,?,0.9,?,11.6,LATIN AMER. & CARIB    ,188078227,8511965,22.1,0.09,-0.03,29.61,7600,86.4,225.3,6.96,0.9,92.15,2,16.56,6.17,0.084,0.4,0.516,7.491,2014
PER,"1,738",2148496917,90.65,14.72,0.12,49.64,9.16,817.73,3.39E+11,127.37,18.5,548041010.4,3.1,1.92,3.65,99.37,46.01,0.8,?,7.9,22.4,LATIN AMER. & CARIB    ,28302603,1285220,22.0,0.19,-1.05,31.94,5100,90.9,79.5,2.89,0.4,96.71,1.5,20.48,6.23,0.08,0.27,0.65,2.414,2014
NZL,"1,732",?,?,?,?,?,?,?,?,?,?,?,?,?,?,?,?,?,?,?,?,OCEANIA                            ,4076140,268680,15.2,5.63,4.05,5.85,21600,99.0,441.7,5.6,6.99,87.41,3,13.76,7.53,0.043,0.273,0.684,15.134,2014
SLV,"1,724",157155457.4,73.41,19.13,0.13,6.77,16.03,738.17,50663818278,47.26,29.9,65518486.16,1.5,1.79,0.92,83.67,?,?,36.9,12.3,17.8,LATIN AMER. & CARIB    ,6822378,21040,324.3,1.46,-3.74,25.1,4800,80.2,142.4,31.85,12.07,56.08,2,26.61,5.78,0.099,0.302,0.599,307,2014
LKA,"1,712",614501607.7,83,6.68,?,19.82,?,593.87,43843786312,35.75,?,151283390.3,4.8,4.38,9.32,?,?,?,?,22.1,8.3,ASIA (EX. NEAR EAST)         ,20222240,65610,308.2,2.04,-1.31,14.35,3700,92.3,61.5,13.86,15.7,70.44,2,15.51,6.52,0.178,0.276,0.545,1.340,2014
BLZ,"1,705",?,?,?,?,?,?,?,?,?,?,?,?,?,?,?,?,?,?,?,?,LATIN AMER. & CARIB    ,287730,22966,12.5,1.68,0,25.69,4900,94.1,115.7,2.85,1.71,95.44,2,28.84,5.72,0.142,0.152,0.612,386,2014
JPN,"1,668",7284842975,99.9,55.34,3.29,1142,16.66,8859.27,1.31E+12,161.79,3.6,6025823648,0.7,1.26,?,91.11,87.12,?,1.2,?,0.3,ASIA (EX. NEAR EAST)         ,127463611,377835,337.4,7.87,0,3.26,28200,99.0,461.2,12.19,0.96,86.85,3,9.37,9.16,0.017,0.258,0.725,29.751,2014
GIN,"1,651",268963593,39.1,?,?,?,?,73.42,5238584961,4.6,?,55181372.76,-2.5,1.99,2.44,?,?,?,?,17.5,71,SUB-SAHARAN AFRICA                 ,9690222,245857,39.4,0.13,-3.06,90.37,2100,35.9,2.7,3.63,2.58,93.79,2,41.76,15.48,0.237,0.362,0.401,320,2014
COG,"1,646",105770344.1,50,2.42,?,2.97,?,121.86,13338135404,11.2,?,22186246.13,0.3,0.09,3.85,?,?,8.2,?,28.2,51.6,SUB-SAHARAN AFRICA                 ,3702314,342000,10.8,0.05,-0.17,93.86,700,83.8,3.7,0.51,0.13,99.36,2,42.57,12.93,0.062,0.57,0.369,169,2014
THA,"1,622",5083252715,97,40.71,0.62,248.27,16.98,1636.78,4.41E+11,125.32,13.6,1953356453,4.5,2.58,4.65,95.66,50.02,?,?,9.5,3.8,ASIA (EX. NEAR EAST)         ,64631595,514000,125.7,0.63,0,20.48,7400,92.6,108.9,29.36,6.46,64.18,2,13.87,7.04,0.099,0.441,0.46,3.219,2014
CMR,"1,604",562563871.7,50,7.61,?,6.2,?,201.1,22513809280,?,?,87627030.05,2.7,2.9,8.28,51.76,?,?,82.8,7.9,29.3,SUB-SAHARAN AFRICA                 ,17340702,475440,36.5,0.08,0,68.26,1800,79.0,5.7,12.81,2.58,84.61,1.5,33.89,13.47,0.448,0.17,0.382,402,2014
VCT,"1,583",?,?,?,?,?,?,?,?,?,?,?,?,?,?,?,?,?,?,?,?,LATIN AMER. & CARIB    ,117848,389,303.0,21.59,-7.64,14.78,2900,96.0,190.9,17.95,17.95,64.1,2,16.18,5.98,0.1,0.26,0.64,84,2014
GNB,"1,577",40666196.79,?,?,?,?,?,72.73,768325628.5,7.27,?,?,1.8,2.45,0.44,?,?,?,?,28.3,67.1,SUB-SAHARAN AFRICA                 ,1442029,36120,39.9,0.97,-1.57,107.17,800,42.4,7.4,10.67,8.82,80.51,2,37.22,16.53,0.62,0.12,0.26,350,2014
COD,"1,543",1001433955,20,?,0.02,2.78,?,79.34,8827461464,2.34,?,313943208.1,3.4,3.45,3.46,?,?,?,?,28.2,96.1,SUB-SAHARAN AFRICA                 ,62660551,2345410,26.7,0.00,0,94.69,700,65.5,0.2,2.96,0.52,96.52,2,43.69,13.27,0.55,0.11,0.34,37,2014
CHE,"1,537",677978824.8,100,63.04,?,37.44,12.59,13792,99833778029,143.05,7.4,507267661.8,-0.6,0.13,?,99.5,80.02,?,4.5,?,0,WESTERN EUROPE                     ,7523934,41290,182.2,0.00,4.05,4.39,32700,99.0,680.9,10.42,0.61,88.97,3,9.71,8.49,0.015,0.34,0.645,0,2014
CHL,"1,522",3210455918,90,13.67,0.38,82.15,11.14,1527.16,3.83E+11,73.22,?,587239635.3,0.8,1.4,4.27,95.72,71.56,?,11.4,3.7,4.3,LATIN AMER. & CARIB    ,16134219,756950,21.3,0.85,0,8.8,9900,96.2,213.0,2.65,0.42,96.93,3,15.23,5.81,0.06,0.493,0.447,6.435,2014
MDG,"1,513",348366215.6,61,3.56,?,?,6.58,68.71,9989413295,4.35,?,40366545.13,1.1,0.31,2.89,?,?,?,?,42.3,81.3,SUB-SAHARAN AFRICA                 ,18595469,587040,31.7,0.82,0,76.83,800,68.9,3.6,5.07,1.03,93.91,2,41.41,11.11,0.276,0.165,0.559,4.828,2014
TLS,"1,500",58850071.96,96,?,?,?,?,6.06,219379400.4,12.09,?,?,2.3,18.14,7.97,59.26,?,?,?,26.9,47,ASIA (EX. NEAR EAST)         ,1062777,15007,70.8,4.70,0,47.41,500,58.6,,4.71,0.67,94.62,2,26.99,6.24,0.085,0.231,0.684,706,2014
NPL,"1,500",635369083.2,50,8.6,?,7.59,?,46.08,6662988232,17.71,?,149778946.7,0.3,2.12,6.52,80.47,?,?,?,8.1,46.1,ASIA (EX. NEAR EAST)         ,28287147,147181,192.2,0.00,0,66.98,1400,45.2,15.9,21.68,0.64,77.68,,30.98,9.31,0.38,0.21,0.41,0,2014
ALB,"1,485",166854973.9,99,6.69,?,4.88,9.25,225.74,14515818810,56.83,32.8,61827810.89,-2.7,2.14,3.67,89.49,49.72,?,29.7,4.9,2.4,EASTERN EUROPE                     ,3581655,28748,124.6,1.26,-4.93,21.52,4500,86.5,71.2,21.09,4.42,74.49,3,15.11,5.22,0.232,0.188,0.579,362,2014
HTI,"1,440",80699467.61,50,5.26,?,4.13,?,86.8,4751451118,3.95,?,23602881.49,-1,-0.1,3.48,?,?,?,?,46.8,48.3,LATIN AMER. & CARIB    ,8308504,27750,299.4,6.38,-3.4,73.45,1600,52.9,16.9,28.3,11.61,60.09,2,36.44,12.17,0.28,0.2,0.52,1.771,2014
KNA,"1,427",?,?,?,?,?,?,?,?,?,?,?,?,?,?,?,?,?,?,?,?,LATIN AMER. & CARIB    ,39129,261,149.9,51.72,-7.11,14.49,8800,97.0,638.9,19.44,2.78,77.78,2,18.02,8.33,0.035,0.258,0.707,135,2014
BRB,"1,422",?,?,?,?,?,?,?,?,?,?,?,?,?,?,?,?,?,?,?,?,LATIN AMER. & CARIB    ,279912,431,649.5,22.51,-0.31,12.5,15700,97.4,481.9,37.21,2.33,60.46,2,12.71,8.67,0.06,0.16,0.78,97,2014
NOR,"1,414",710955911.8,99,46.06,1.93,36.98,8.61,6358.13,86624839536,53.54,5,386785095.2,0.9,0.8,?,99.73,85.09,?,3.6,?,0.2,WESTERN EUROPE                     ,4610820,323802,14.2,7.77,1.74,3.7,37800,100.0,461.7,2.87,0,97.13,3,11.46,9.4,0.021,0.415,0.564,25.148,2014
DOM,"1,410",311583677.2,98.8,?,?,21.8,9.86,933.79,1.51E+11,48.87,20.9,126818306.9,4.2,5.79,0.76,78.15,27.73,?,?,13.5,8.8,LATIN AMER. & CARIB    ,9183984,48730,188.5,2.64,-3.22,32.38,6000,84.7,97.4,22.65,10.33,67.02,2,23.22,5.73,0.112,0.306,0.582,1.288,2014
CIV,"1,348",410324207.8,45.75,14.99,?,10.19,?,171.52,12621951879,11.76,?,44221479.21,6.9,6.44,4.07,?,?,?,?,15.4,35,SUB-SAHARAN AFRICA                 ,17654843,322460,54.8,0.16,-0.07,90.83,1400,50.9,14.6,9.75,13.84,76.41,2,35.11,14.84,0.279,0.171,0.55,515,2014
CAF,"1,343",90938244.94,23,9.25,?,?,?,90.46,1332121882,?,?,22809217.25,4.6,4.09,1.07,?,?,?,?,58.6,67.7,SUB-SAHARAN AFRICA                 ,4303356,622984,6.9,0.00,0,91,1100,51.0,2.3,3.1,0.14,96.76,2,33.91,18.65,0.55,0.2,0.25,0,2014
CUB,"1,335",413317964.5,0,?,0.43,31.11,?,641.05,1.13E+11,?,?,158827999,4,4.24,1.13,99.82,?,?,?,?,1.1,LATIN AMER. & CARIB    ,11382820,110860,102.7,3.37,-1.58,6.33,2900,97.0,74.7,33.05,7.6,59.35,2,11.89,7.22,0.055,0.261,0.684,3.735,2014
BHS,"1,292",?,?,?,?,?,?,?,?,?,?,?,?,?,?,?,?,?,?,?,?,LATIN AMER. & CARIB    ,303770,13940,21.8,25.41,-2.2,25.21,16700,95.6,460.6,0.8,0.4,98.8,2,17.57,9.05,0.03,0.07,0.9,3.542,2014
KOR,"1,274",3613254822,99,63.65,4.22,586.54,17.3,7146.97,5.03E+11,293.05,?,2558211653,1.8,2.37,?,90.81,86.34,?,?,?,0.3,ASIA (EX. NEAR EAST)         ,48846823,98480,496.0,2.45,0,7.05,17800,97.9,486.1,17.18,1.95,80.87,3,10,5.85,0.033,0.403,0.563,2.413,2014
BDI,"1,274",110538218.2,0,2.57,?,?,?,31.69,2470485650,4.58,?,33501716.01,-7,-3.31,1.09,?,?,?,?,?,78.1,SUB-SAHARAN AFRICA                 ,8090068,27830,290.7,0.00,-0.06,69.29,600,51.6,3.4,35.05,14.02,50.93,2,42.22,13.46,0.463,0.203,0.334,0,2014
URY,"1,265",678484303,90,15.29,0.36,6.59,11.07,1745.83,73463880735,66.67,18.7,227236087,1.4,0.02,1.36,96.88,60.99,?,?,?,0.6,LATIN AMER. & CARIB    ,3431932,176220,19.5,0.37,-0.32,11.95,12800,98.0,291.4,7.43,0.23,92.34,3,13.91,9.05,0.093,0.311,0.596,660,2014
GBR,"1,220",3317266647,99.6,47.37,1.69,390.07,9.59,3425.85,7.27E+11,131.31,11.1,2897448045,0.7,1.75,?,97.65,82.12,?,12.6,?,0.5,WESTERN EUROPE                     ,60609153,244820,247.6,5.08,2.19,5.16,27700,99.0,543.5,23.46,0.21,76.33,3,10.71,10.13,0.005,0.237,0.758,12.429,2014
RWA,"1,212",197613484.2,88.01,6.66,?,?,?,39.62,5585309734,11.62,?,71256759.5,5.9,6.23,3.87,?,?,7.7,?,41.1,80.1,SUB-SAHARAN AFRICA                 ,8648248,26338,328.4,0.00,0,91.23,1300,70.4,2.7,40.54,12.16,47.3,3,40.37,16.09,0.401,0.229,0.37,0,2014
GHA,"1,187",1070862472,80,0.8,?,14.94,14,91.02,13225549814,17.31,?,193752133.2,1.3,1.5,6.42,?,?,?,74.7,7.6,24.5,SUB-SAHARAN AFRICA                 ,22409572,239460,93.6,0.23,-0.64,51.43,2200,74.8,14.4,16.26,9.67,74.07,2,30.52,9.72,0.366,0.246,0.387,539,2014
MWI,"1,181",345566965.5,32,11.34,?,?,?,55.41,4792415671,8.11,?,42305011.62,-0.5,-0.15,1.98,?,?,4.5,?,25.9,72.8,SUB-SAHARAN AFRICA                 ,13013926,118480,109.8,0.00,0,103.32,600,62.7,7.9,23.38,1.49,75.13,2,43.13,19.33,0.342,0.158,0.499,0,2014
UGA,"1,180",710392896,60,11.07,?,?,?,65.07,19448639917,7.34,?,202436246.1,1.2,2.22,5.63,?,?,?,?,39,64.1,SUB-SAHARAN AFRICA                 ,28195754,236040,119.5,0.00,0,67.83,1400,69.9,3.6,25.88,10.65,63.47,2,47.35,12.24,0.311,0.222,0.469,0,2014
TGO,"1,168",176790097,50,?,?,2.68,?,51.53,2827015465,5.21,?,37690876.95,2.5,3.06,1.66,?,?,?,97.2,11.5,55.6,SUB-SAHARAN AFRICA                 ,5548702,56785,97.7,0.10,0,66.61,1500,60.9,10.6,46.15,2.21,51.64,2,37.01,9.83,0.395,0.204,0.401,56,2014
SVN,"1,162",174156134.1,99.5,48.65,2.2,13.22,23.4,4344.61,38545457984,126.59,9.5,91120975.78,2.1,2.06,?,93.99,84.86,?,?,?,0,EASTERN EUROPE                     ,2010347,20273,99.2,0.23,1.12,4.45,19000,99.7,406.1,8.6,1.49,89.91,,8.98,10.31,0.028,0.369,0.603,46.6,2014
NGA,"1,150",3761042389,66.6,33.44,?,64.67,?,251.32,2.67E+11,21.62,?,881625626.8,-0.4,-0.02,5.14,?,?,7.2,73.5,7.9,62.8,SUB-SAHARAN AFRICA                 ,131859731,923768,142.7,0.09,0.26,98.8,900,68.0,9.3,31.29,2.96,65.75,1.5,40.43,16.94,0.269,0.487,0.244,853,2014
BOL,"1,146",596534135.8,27,11.67,?,19.22,10.47,269.61,41113810726,53.62,14.6,86311991.41,10.3,3.27,1.17,86.11,?,?,?,20.2,33.8,LATIN AMER. & CARIB    ,8989046,1098580,8.2,0.00,-1.32,53.11,2400,87.2,71.9,2.67,0.19,97.14,1.5,23.3,7.53,0.128,0.352,0.52,0,2014
PRY,"1,130",307393181.8,66,21.92,0.13,5.85,12.42,432.71,27783368574,35.53,16.8,139003574.4,0.4,1.62,0.92,?,?,?,?,12,13.2,LATIN AMER. & CARIB    ,6506464,406750,16.0,0.00,-0.08,25.63,4700,94.0,49.2,7.6,0.23,92.17,2,29.1,4.49,0.224,0.207,0.569,0,2014
IRL,"1,118",387701437,95,61.02,?,35.49,11.36,19109.16,74812992059,119.85,14.3,201201203.4,23.6,25.19,?,91.41,89.81,?,11.7,?,0.7,WESTERN EUROPE                     ,4062235,70280,57.8,2.06,4.99,5.39,29600,98.0,500.5,15.2,0.03,84.77,3,14.45,7.82,0.05,0.46,0.49,1.448,2014
HRV,"1,113",174754808.6,99.06,29.94,0.85,15.95,16.63,1707.62,56649333183,157,18.1,105293896.6,-0.2,2.87,?,96.68,80.13,?,2.1,?,1.2,EASTERN EUROPE                     ,4494749,56542,79.5,10.32,1.58,6.84,10600,98.5,420.4,26.09,2.27,71.65,,9.61,11.48,0.07,0.308,0.622,6.268,2014
AUT,"1,110",829128805.8,98,45.93,3.03,62.44,15.98,8478.79,1.07E+11,131.75,7.5,533641262.8,0.6,0.43,?,?,77.46,?,?,?,0.7,WESTERN EUROPE                     ,8192880,83870,97.7,0.00,2,4.66,30000,98.0,452.2,16.91,0.86,82.23,3,8.74,9.76,0.018,0.304,0.678,0,2014
IND,"1,083",42074345091,74,37.91,0.62,2067.72,?,300.01,1.70E+13,33.25,?,11633852314,6.2,6.76,15.47,?,?,21,?,14.5,38.2,ASIA (EX. NEAR EAST)         ,1095351995,3287590,333.2,0.21,-0.07,56.29,2900,59.5,45.4,54.4,2.74,42.86,2.5,22.01,8.18,0.186,0.276,0.538,7.000,2014
TZA,"1,071",1011825264,85,6.83,?,12.19,?,60.36,26157151052,8.46,?,148930499.1,3.6,3.77,7.67,?,?,4.5,?,32.3,86,SUB-SAHARAN AFRICA                 ,37445392,945087,39.6,0.15,-2.06,98.54,600,78.2,4.0,4.52,1.08,94.4,,37.71,16.39,0.432,0.172,0.396,1.424,2014
PRK,"1,054",578349413,?,?,?,27.25,?,138.08,?,?,?,50280829.69,-1.5,-1.64,0.88,?,?,?,?,40.8,60.8,ASIA (EX. NEAR EAST)         ,23113019,120540,191.8,2.07,0,24.04,1300,99.0,42.4,20.76,2.49,76.75,3,15.54,7.13,0.3,0.34,0.36,2.495,2014
BEN,"1,039",321244701.8,45,?,?,5.9,?,121.53,4909453416,8.25,?,91416183.82,-1,2.13,1.94,?,?,?,?,10.3,56.9,SUB-SAHARAN AFRICA                 ,7862944,112620,69.8,0.11,0,85,1100,40.9,9.7,18.08,2.4,79.52,2,38.85,12.22,0.316,0.138,0.546,121,2014
MOZ,"1,032",405517267,50,10.89,0.34,5.61,4.06,53.73,7714508639,14.39,?,108290331.4,3.4,3.56,2.63,?,?,?,?,26.6,80.6,SUB-SAHARAN AFRICA                 ,19686505,801590,24.6,0.31,0,130.79,1200,47.8,3.5,5.1,0.3,94.6,2,35.18,21.35,0.262,0.348,0.39,2.470,2014
ATG,"1,030",?,?,?,?,?,?,?,?,?,?,?,?,?,?,?,?,?,?,?,?,LATIN AMER. & CARIB    ,69108,443,156.0,34.54,-6.15,19.46,11000,89.0,549.9,18.18,4.55,77.27,2,16.93,5.37,0.038,0.22,0.743,153,2014
BIH,"1,028",227340607.6,96,17.55,0.22,23.78,?,620.4,11401925127,80.32,27.7,55692600.79,2.4,3.95,2,?,?,?,4.2,?,0.3,EASTERN EUROPE                     ,4498976,51129,88.0,0.04,0.31,21.05,6100,,215.4,13.6,2.96,83.44,4,8.77,8.27,0.142,0.308,0.55,20,2014
GEO,"1,026",149436800.2,99,15.71,0.32,9.53,?,407.47,7619000000,102.2,?,67713639.72,2.2,3.94,3.43,?,48.34,?,?,7,21,C.W. OF IND. STATES ,4661473,69700,66.9,0.44,-4.7,18.59,2500,99.0,146.6,11.44,3.86,84.7,3,10.41,9.23,0.172,0.275,0.553,310,2014
ZMB,"1,020",630927381.7,53,21.08,?,3.6,?,139.35,10723273791,15.6,?,114730067.5,-0.6,-0.14,2.76,?,?,?,?,45.9,64.4,SUB-SAHARAN AFRICA                 ,11502010,752614,15.3,0.00,0,88.29,800,80.6,8.2,7.08,0.03,92.9,2,41,19.93,0.22,0.29,0.489,0,2014
AGO,"1,010",807738109,100,3.89,?,20.77,?,274.94,68891214902,29.27,?,180696882.2,-0.6,-2.47,1.83,?,?,?,?,14,33.5,SUB-SAHARAN AFRICA                 ,12127071,1246700,9.7,0.13,0,191.19,1900,42.0,7.8,2.41,0.24,97.35,,45.11,24.2,0.096,0.658,0.246,1.600,2014
LUX,934,98281457.91,99,21.26,1.29,9.29,4.6,5591.85,11369833395,185.17,6.2,116451668.4,2.1,0.97,?,99.04,74.36,?,6,?,0.2,WESTERN EUROPE                     ,474413,2586,183.5,0.00,8.97,4.81,55100,100.0,515.4,23.28,0.4,76.32,,11.94,8.41,0.01,0.13,0.86,0,2014
COM,900,15060794.77,?,?,?,?,?,23.87,441710620.7,7.74,?,?,-2.1,-2.52,4.82,?,?,?,?,?,19.1,SUB-SAHARAN AFRICA                 ,690948,2170,318.4,15.67,0,74.93,700,56.5,24.5,35.87,23.32,40.81,2,36.93,8.2,0.4,0.04,0.56,340,2014
FRA,867,4774640709,99,49.38,2.22,290.74,12.21,4425.9,9.90E+11,144.51,11.9,2763047564,1,0.64,?,99.76,78.51,?,4.2,?,0,WESTERN EUROPE                     ,60876136,547030,111.3,0.63,0.66,4.26,27600,99.0,586.4,33.53,2.07,64.4,4,11.99,9.14,0.022,0.214,0.764,4.853,2014
PRT,854,568087237.5,99.1,25.74,1.27,47.39,16.91,2678.15,1.24E+11,223.47,11.3,346062394.7,0.5,2.34,?,95.92,82.95,?,12.3,?,1,WESTERN EUROPE                     ,10605870,92391,114.8,1.94,3.57,5.05,18000,93.3,399.2,21.75,7.81,70.44,3,10.72,10.5,0.053,0.274,0.673,1.793,2014
ETH,848,1763058911,71,16.08,?,11.9,?,26.33,43864563954,?,?,?,6.9,7.62,7.01,38,?,?,?,28.8,42.8,SUB-SAHARAN AFRICA                 ,74777981,1127127,66.3,0.00,0,95.32,700,42.7,8.2,10.71,0.75,88.54,2,37.98,14.86,0.475,0.099,0.426,0,2014
BEL,847,1130768529,100,49.47,2.45,92.91,12.95,6248.78,1.37E+11,101.1,12.2,512913026.5,1.1,0.79,?,99.18,80.47,?,?,?,0.2,WESTERN EUROPE                     ,10379067,30528,340.0,0.22,1.23,4.68,29100,98.0,462.6,23.28,0.4,76.32,3,10.38,10.27,0.01,0.24,0.749,66.5,2014
GMB,836,29543616.39,86,3.9,?,?,?,30.91,1415916598,9.03,?,9368361.26,1.4,1.19,0.99,?,?,?,?,10.9,47.1,SUB-SAHARAN AFRICA                 ,1641564,11300,145.3,0.71,1.57,72.02,1700,40.1,26.8,25,0.5,74.5,2,39.37,12.25,0.308,0.142,0.549,80,2014
ITA,832,2772571772,100,42.73,1.33,331.03,18.35,4995.34,9.88E+11,145.82,21.3,2293678170,0.2,1.14,?,98.45,79.07,?,3,?,1.4,WESTERN EUROPE                     ,58133509,301230,193.0,2.52,2.07,5.94,26700,98.6,430.9,27.79,9.53,62.68,,8.72,10.4,0.021,0.291,0.688,7.600,2014
SVK,824,342532208.4,93,48.19,1.18,29.93,24.68,4292.35,69771000000,87.79,13.7,469571856,1.2,3.73,?,?,67.9,?,3.3,3.1,0.7,EASTERN EUROPE                     ,5439448,48845,111.4,0.00,0.3,7.41,13300,,220.1,30.16,2.62,67.22,3,10.65,9.45,0.035,0.294,0.672,0,2014
SWZ,788,75833441.61,21,1.65,?,?,?,1393.14,733989944.7,37.81,?,25734521.22,-1.7,2.31,1.04,?,?,?,?,19.6,48.4,SUB-SAHARAN AFRICA                 ,1136334,17363,65.5,0.00,0,69.27,4900,81.6,30.8,10.35,0.7,88.95,2.5,27.41,29.74,0.119,0.515,0.366,0,2014
LSO,788,151479388,95.6,?,0.05,?,?,119.06,962241068.7,12.72,?,49780036.38,6.9,4.21,0.83,38.02,?,?,?,14.5,61.3,SUB-SAHARAN AFRICA                 ,2022331,30355,66.6,0.00,-0.74,84.23,3000,84.8,23.7,10.87,0.13,89,3,24.75,28.71,0.163,0.443,0.394,0,2014
NLD,778,1498285337,99,48.19,1.99,156.42,9.45,5455.55,1.93E+11,63.66,4.7,876826492.8,0.8,1.96,?,99.54,81.94,?,4.2,?,0.2,WESTERN EUROPE                     ,16491461,41526,397.1,1.09,2.91,5.04,28600,99.0,460.8,26.71,0.97,72.32,3,10.9,8.68,0.021,0.244,0.736,451,2014
MEX,752,5535257172,89,39.76,0.55,442.84,16.04,1640.28,1.50E+12,65.17,19.8,2101372018,-0.1,1.9,7.96,99.36,58.26,5.2,9.9,4.2,14.8,LATIN AMER. & CARIB    ,107449525,1972550,54.5,0.47,-4.87,20.91,9000,92.2,181.6,12.99,1.31,85.7,1.5,20.69,4.74,0.038,0.259,0.702,9.330,2014
BFA,748,438834094.9,10,?,0.22,?,?,44.18,8632431177,6.37,?,138083482.6,0.6,0.88,1.32,9.41,?,?,57.3,20.2,57.3,SUB-SAHARAN AFRICA                 ,13902972,274200,50.7,0.00,0,97.57,1100,26.6,7.0,14.43,0.19,85.38,2,45.62,15.6,0.322,0.196,0.482,0,2014
USA,715,37096605672,99.9,41.17,2.78,4998.01,10.96,6027.48,1.01E+13,33.03,?,19702774863,1,2.15,?,86.76,80.97,?,3,?,1.3,NORTHERN AMERICA                   ,298444215,9631420,31.0,0.21,3.41,6.5,37800,97.0,898.0,19.13,0.22,80.65,3,14.14,8.26,0.01,0.204,0.787,19.924,2014
DNK,703,573725154.6,99.99,53.38,2.96,32.17,11.94,7363.4,66544000000,76.51,6.2,274717079.1,0.6,1.16,?,96.08,85,?,2.4,?,0.5,WESTERN EUROPE                     ,5450661,43094,126.5,16.97,2.48,4.56,31100,100.0,614.6,54.02,0.19,45.79,3,11.13,10.36,0.018,0.246,0.735,7.314,2014
DEU,700,7401347542,95.7,61.4,2.86,730.1,19.3,9505.98,1.34E+12,135.07,6.2,3538513944,1.2,1.47,?,?,84.02,?,3,?,0,WESTERN EUROPE                     ,82422299,357021,230.9,0.67,2.18,4.16,27600,99.0,667.9,33.85,0.59,65.56,3,8.25,10.62,0.009,0.296,0.695,2.389,2014
TJK,691,165581905.6,60,2.49,0.11,4.52,?,86.31,3153779099,?,?,60807138.17,3.5,3.66,1.97,11.2,?,?,9.9,30.1,30.8,C.W. OF IND. STATES ,7320815,143100,51.2,0.00,-2.86,110.76,1000,99.4,33.5,6.61,0.92,92.47,2,32.65,8.25,0.234,0.286,0.48,0,2014
SEN,686,292121052.7,40,21.65,?,7.46,6.15,141.69,11390173966,10.26,36.2,73229527.53,1.5,3.71,5.95,17.42,?,7.8,?,11.3,51.1,SUB-SAHARAN AFRICA                 ,11987121,196190,61.1,0.27,0.2,55.51,1600,40.2,22.2,12.78,0.21,87.01,2,32.78,9.42,0.172,0.209,0.619,531,2014
CZE,677,1094697566,99,50.51,1.93,100.09,27.31,4952.59,1.33E+11,74.4,7.5,?,3.3,5.26,?,?,77.05,?,2.7,?,0,EASTERN EUROPE                     ,10235455,78866,129.8,0.00,0.97,3.93,15700,99.9,314.3,39.8,3.05,57.15,3,9.02,10.59,0.034,0.393,0.573,0,2014
LBN,661,354140845,97,19.95,?,23.32,?,602.72,43615025125,62.93,?,172829057.6,-3.5,-3.46,2.53,93.56,29.63,?,?,5.4,0.1,NEAR EAST                          ,3874050,10400,372.5,2.16,0,24.52,4800,87.4,255.6,16.62,13.98,69.4,,18.52,6.21,0.12,0.21,0.67,225,2014
ZWE,657,307621973,55.1,?,?,12.97,?,97.67,2949306366,11.32,?,19620654.59,-1.2,-0.93,3.21,?,?,5.6,?,44.7,69.4,SUB-SAHARAN AFRICA                 ,12236805,390580,31.3,0.00,0,67.69,1900,90.7,26.8,8.32,0.34,91.34,2,28.01,21.84,0.179,0.243,0.579,0,2014
LTU,656,256982388.2,99.98,23.14,1.04,10.8,15.19,2795.01,59189000000,63.57,9.2,197641520.8,0.8,3.08,?,99.6,74.9,?,6.9,?,2.7,BALTICS                            ,3585906,65200,55.0,0.14,-0.71,6.89,11400,99.6,223.4,45.22,0.91,53.87,,8.75,10.98,0.055,0.325,0.62,90,2014
GRC,652,782041156.6,99.3,20.93,0.96,65.14,9.26,1662.24,1.18E+11,85.48,17.2,557947702,-2.2,0.13,?,93.84,72.68,?,7.8,?,1.5,WESTERN EUROPE                     ,10688058,131940,81.0,10.37,2.35,5.53,20000,97.5,589.7,21.1,8.78,70.12,3,9.68,10.24,0.054,0.213,0.733,13.676,2014
CHN,645,1.99E+11,95,41.38,2.06,9042.2,?,2048.16,1.18E+13,85.28,?,51607888043,6.9,6.37,17.51,?,78.11,?,?,9.6,38.3,ASIA (EX. NEAR EAST)         ,1313973713,9596960,136.9,0.15,-0.4,24.18,5000,90.9,266.7,15.4,1.25,83.35,1.5,13.25,6.97,0.125,0.473,0.403,14.500,2014
LVA,641,192667703.5,95,21.52,0.63,7.18,12.98,1653.66,31136022176,81.09,10.5,85447883.9,1.6,4.05,?,99.71,82.32,?,1.8,?,2.5,BALTICS                            ,2274735,64589,35.2,0.82,-2.23,9.55,10200,99.8,321.4,29.67,0.47,69.86,3,9.24,13.66,0.04,0.261,0.699,498,2014
ROU,637,1385635395,99.9,37.85,0.49,70.04,18.18,1770.62,1.14E+11,97.25,18.1,637645975.4,5.1,4.44,?,90.52,61.29,?,?,?,7.5,EASTERN EUROPE                     ,22303552,237500,93.9,0.09,-0.13,26.43,7000,98.4,196.9,40.82,2.25,56.93,3,10.7,11.77,0.101,0.35,0.549,225,2014
ESP,636,2471227237,99.4,40.24,1.22,247.32,12.45,3863.49,3.81E+11,184.28,15.6,1999679925,0.6,3.71,?,96.79,83.75,?,3.3,?,1.2,WESTERN EUROPE                     ,40397842,504782,80.0,0.98,0.99,4.42,22000,97.9,453.5,26.07,9.87,64.06,3,10.06,9.72,0.04,0.295,0.665,4.964,2014
KEN,630,906789548.8,69,13.07,?,14.88,?,124.98,22394960361,15.46,?,282138015.4,2.4,3,7.93,?,?,?,?,19.1,42.8,SUB-SAHARAN AFRICA                 ,34707817,582650,59.6,0.09,-0.1,61.47,1000,85.1,8.1,8.08,0.98,90.94,1.5,39.72,14.02,0.163,0.188,0.651,536,2014
EST,626,262891586.8,100,28.81,1.49,16.07,18.82,2646.9,19021896228,83.75,10.8,73438788.98,-1,1.91,?,93.03,89.36,?,0.9,?,2.5,BALTICS                            ,1324333,45226,29.3,8.39,-3.16,7.87,12300,99.8,333.8,16.04,0.45,83.51,3,10.04,13.25,0.04,0.294,0.666,3.794,2014
SWE,624,975961961.5,99.99,48.92,3.25,37.24,10.41,8223.79,1.64E+11,59.86,6.8,464729998.5,3,3.73,?,98.14,81.57,?,2.4,?,0.9,WESTERN EUROPE                     ,9016596,449964,20.0,0.72,1.67,2.77,26800,99.0,715.0,6.54,0.01,93.45,3,10.27,10.31,0.011,0.282,0.707,3.218,2014
MKD,619,162752499.1,98.07,15.35,0.44,8.16,19.43,677.94,19851000000,85.36,24.7,?,1.5,3.77,1.71,44.44,29.32,?,?,3.9,12.2,EASTERN EUROPE                     ,2050554,25333,80.9,0.00,-1.45,10.09,6700,,260.0,22.26,1.81,75.93,3,12.02,8.77,0.118,0.319,0.563,0,2014
BLR,618,963556013.1,95.7,37.99,0.5,53.83,?,1483.72,89200751886,56.36,?,1799659.06,-3.7,-3.84,9.85,98.23,?,?,1.8,?,7.1,C.W. OF IND. STATES ,10293011,207600,49.6,0.00,2.54,13.37,6100,99.6,319.1,29.55,0.6,69.85,4,11.16,14.02,0.093,0.316,0.591,0,2014
BGR,608,774545657.9,99.95,29.97,0.96,44.65,19.71,971.77,52007081782,152.71,19.3,170553486.9,1.8,4.26,?,92.79,58.53,?,?,3.4,5.5,EASTERN EUROPE                     ,7385367,110910,66.6,0.32,-4.58,20.55,7600,98.6,336.3,40.02,1.92,58.06,3,9.65,14.27,0.093,0.304,0.603,354,2014
POL,600,3997107330,100,35.45,1,282.98,19.32,2542.89,5.79E+11,99.62,11,1280428436,2.5,3.92,?,99.5,85.59,?,?,?,0.1,EASTERN EUROPE                     ,38536869,312685,123.3,0.16,-0.49,8.51,11100,99.8,306.3,45.91,1.12,52.97,3,9.85,9.89,0.05,0.311,0.64,440,2014
TUR,593,8342330691,95.03,29.86,?,317.69,18.66,1838.09,8.61E+11,98.55,23.9,2432120413,2.6,4.4,9.28,68.6,60.02,?,?,?,3.7,NEAR EAST                          ,70413958,780580,90.2,0.92,0,41.04,6700,86.5,269.5,30.93,3.31,65.76,3,16.62,5.97,0.117,0.298,0.585,7.200,2014
ARG,591,2757896576,90,26,0.63,192.15,?,1584.81,8.63E+11,73.72,?,966787814.4,1,1.62,3.68,99.37,58.25,?,?,3.6,14,LATIN AMER. & CARIB    ,39921833,2766890,14.4,0.18,0.61,15.18,11200,97.1,220.4,12.31,0.48,87.21,3,16.73,7.55,0.095,0.358,0.547,4.989,2014
HUN,589,1070902983,99,58.78,1.36,42.88,21.41,2779.41,1.14E+11,72.37,11.6,280531445.6,0.2,3.68,?,93.76,72.52,?,3.6,?,0.7,EASTERN EUROPE                     ,9981334,93030,107.3,0.00,0.86,8.57,13900,99.4,336.2,50.09,2.06,47.85,3,9.72,13.11,0.037,0.312,0.651,0,2014
ARM,562,155217578.2,99.9,3.66,0.25,5.16,7.85,408.32,3175257623,83.96,35.6,44813216.93,5,2.86,3.53,?,?,?,8.1,4.4,19.3,C.W. OF IND. STATES ,2976372,29800,99.9,0.00,-6.47,23.28,3500,98.6,195.7,17.55,2.3,80.15,4,12.07,8.23,0.239,0.343,0.418,0,2014
MLT,560,40855491.68,100,19.18,0.73,1.77,12.42,2036.69,9308191586,95.5,10.4,21994650.13,5.4,6.55,?,97.16,64.45,?,?,?,0.5,WESTERN EUROPE                     ,400214,316,1266.5,62.28,2.07,3.89,17700,92.8,505.0,28.13,3.13,68.74,,10.22,8.1,0.03,0.23,0.74,252.81,2014
CAN,537,6011423619,99.3,30.57,?,549.88,9.54,5065.38,4.57E+11,244.18,10.3,2469772270,0.1,-0.03,?,?,89.32,?,1.8,?,0.4,NORTHERN AMERICA                   ,33098932,9984670,3.3,2.02,5.96,4.75,29800,97.0,552.2,4.96,0.02,95.02,,10.78,7.8,0.022,0.294,0.684,202.080,2014
FIN,536,804184365.6,99.9,44.53,2.9,42.45,13.47,6598.58,65262000000,39.83,10.6,387505032.3,0.8,-0.41,?,97.56,88.91,?,?,?,0,WESTERN EUROPE                     ,5231372,338145,15.5,0.37,0.95,3.57,27400,100.0,405.3,7.19,0.03,92.78,3,10.45,9.86,0.028,0.295,0.676,1.250,2014
AUS,534,4870936459,99,28.17,?,381.62,8.23,4070.5,5.19E+11,192.74,9.8,2020539986,0.6,1.36,?,87.03,82.17,?,8.4,?,1,OCEANIA                            ,20264082,7686850,2.6,0.34,3.98,4.69,29000,100.0,565.5,6.55,0.04,93.41,1,12.14,7.51,0.038,0.262,0.7,25.760,2014
KGZ,533,288673175.9,59,4.13,0.12,12.27,7.39,150.52,2979820381,38.35,21.4,93530755.38,2.2,2.27,3.35,69.48,?,?,?,6.4,42.2,C.W. OF IND. STATES ,5213898,198500,26.3,0.00,-2.45,35.64,1600,97.0,84.0,7.3,0.35,92.35,2.5,22.8,7.08,0.353,0.208,0.439,0,2014
CYP,498,73783249.63,90.01,22.71,0.45,6.66,7.79,814.89,6176338099,87.37,15.3,46318821.87,0.3,2.64,?,94.59,?,?,?,4.7,0,NEAR EAST                          ,784301,9250,84.8,7.01,0.43,7.18,19200,97.6,,7.79,4.44,87.77,3,12.56,7.68,0.037,0.198,0.765,648,2014
ZAF,495,3691860607,98,24.43,?,429.17,11.2,949.98,5.30E+11,79.82,30.5,937768579.2,-2.3,-0.08,8.3,?,?,?,?,4.6,32.6,SUB-SAHARAN AFRICA                 ,44187637,1219912,36.2,0.23,-0.29,61.81,10700,86.4,107.0,12.08,0.79,87.13,1,18.2,22,0.025,0.303,0.671,2.798,2014
PAK,494,5050107417,46,24.62,0.25,147.65,15.52,154.72,64018773985,18.79,30.4,1192135872,2.2,2.59,14.45,?,?,?,?,19.9,28.6,ASIA (EX. NEAR EAST)         ,165803560,803940,206.2,0.13,-2.77,72.44,2100,45.7,31.8,27.87,0.87,71.26,1,29.74,8.23,0.216,0.251,0.533,1.046,2014
RUS,460,13478961990,73,25.6,1.1,1470.23,14.3,1520.42,3.41E+11,205.51,12,2724866151,-2.2,-2.91,?,95.33,83.76,?,?,?,2.8,C.W. OF IND. STATES ,142893540,17075200,8.4,0.22,1.02,15.39,8900,99.6,280.6,7.33,0.11,92.56,,9.95,14.65,0.054,0.371,0.575,37.653,2014
MDA,450,176762171.6,99,18.76,0.37,8.96,9.62,224.55,10650038188,42.5,27.8,7816243.37,-6.9,-0.33,19.75,95.5,54.21,?,?,8.5,43.1,C.W. OF IND. STATES ,4466706,33843,132.0,0.00,-0.26,40.42,1800,99.1,208.1,55.3,10.79,33.91,,15.7,12.64,0.213,0.233,0.555,0,2014
AZE,447,493658839.3,97.3,13.7,0.22,31.6,4.92,348.09,63745238451,46.88,?,114638826.9,-0.6,-0.54,1.79,27.61,?,?,?,?,2.7,C.W. OF IND. STATES ,7961619,86600,91.9,0.00,-4.9,81.74,3400,97.0,137.1,19.63,2.71,77.66,1,20.74,9.75,0.141,0.457,0.402,0,2014
ISR,435,646350431.2,99,42.81,4.26,62.6,11.49,4136.82,90407699935,153.29,15.5,347010634.3,0.4,1.06,?,99.47,73.41,?,3.3,?,0.7,NEAR EAST                          ,6352117,20770,305.8,1.31,0.68,7.03,19800,95.4,462.3,16.39,4.17,79.44,3,17.97,6.18,0.026,0.317,0.657,273,2014
SDN,416,1066839332,45.73,?,?,15.79,?,158.49,99264413692,8.11,?,191945519.8,2.3,2.43,2.49,?,?,?,?,25.6,14.9,SUB-SAHARAN AFRICA                 ,41236378,2505810,16.5,0.03,-0.02,62.5,1900,61.1,16.3,6.83,0.18,92.99,2,34.53,8.97,0.387,0.203,0.41,853,2014
BWA,416,381991915,92,16.51,?,7.36,?,470.77,33188362190,39.22,?,153179158.8,-4.1,-3.51,1.78,?,?,?,105,26,29.8,SUB-SAHARAN AFRICA                 ,1639833,600370,2.7,0.00,0,54.58,9000,79.8,80.5,0.65,0.01,99.34,1,23.08,29.5,0.024,0.469,0.507,0,2014
ERI,384,97714489.4,92,7.58,?,0.68,?,39.3,1646683267,?,?,39297156.89,2.5,2.59,0.08,16.2,?,?,?,?,40.1,SUB-SAHARAN AFRICA                 ,4786994,121320,39.5,1.84,0,74.87,700,58.6,7.9,4.95,0.03,95.02,1.5,34.33,9.6,0.102,0.254,0.643,2.234,2014
MAR,346,1579305091,80,27.75,?,55.55,?,476.39,91330604859,50.39,?,251992236.4,3.1,3.48,20.41,52.29,?,?,?,3.5,6.8,NORTHERN AFRICA                    ,33241259,446550,74.4,0.41,-0.98,41.62,4000,51.7,40.4,19.61,2.17,78.22,,21.98,5.58,0.217,0.357,0.426,1.835,2014
AFG,327,390636658.2,40,9.51,?,?,?,74.55,12433264116,3.12,?,81775900.94,-3.9,-4.64,7.24,?,?,?,48.3,23,84.5,ASIA (EX. NEAR EAST)         ,31056997,647500,48.0,0.00,23.06,163.07,700,36.0,3.2,12.13,0.22,87.65,1,46.6,20.34,0.38,0.24,0.38,0,2014
TCD,322,217934278.1,13,?,?,?,?,117.09,7030232386,2.14,?,44928308.68,-1.7,1.12,1.21,?,?,13,?,32.5,66.2,SUB-SAHARAN AFRICA                 ,9944201,1284000,7.7,0.00,-0.11,93.82,1200,47.5,1.3,2.86,0.02,97.12,2,45.73,16.38,0.335,0.259,0.406,0,2014
NAM,285,143411223.5,37,7.35,?,3.98,?,554.95,9759037932,68.8,?,35093194.83,3.7,3.61,1.31,?,?,?,?,28.8,33.4,SUB-SAHARAN AFRICA                 ,2044147,825418,2.5,0.19,0,48.98,7200,84.0,62.6,0.99,0,99.01,1,24.32,18.86,0.097,0.315,0.588,1.572,2014
SOM,282,229463423.3,30,?,?,?,?,4.02,229840000,?,?,70345377.22,0.3,-0.31,0.29,?,?,?,?,?,41.2,SUB-SAHARAN AFRICA                 ,8863338,637657,13.9,0.47,5.37,116.7,500,37.8,11.3,1.67,0.04,98.29,1,45.13,16.63,0.65,0.1,0.25,3.025,2014
MLI,282,576581221.2,10,?,0.31,?,4.78,139.11,5278198972,10.5,24.9,157997637.1,4.4,4.5,3.45,43.44,?,13.5,?,4,60.9,SUB-SAHARAN AFRICA                 ,11716829,1240000,9.5,0.00,-0.33,116.79,900,46.4,6.4,3.82,0.03,96.15,2,49.82,16.89,0.45,0.17,0.38,0,2014
SYR,252,1095590993,70,21.52,?,30.49,?,57.38,44065797571,?,?,112841950.6,-11.8,-2.93,8.38,?,?,?,?,?,11.9,NEAR EAST                          ,18881361,185180,102.0,0.10,0,29.53,3300,76.9,153.8,25.22,4.43,70.35,1,27.76,4.81,0.249,0.23,0.519,193,2014
KAZ,250,2792043776,72.7,16.6,0.17,227.85,6.41,1105.73,1.02E+11,74.16,8.5,618103438.1,0.4,-0.34,2.95,94.64,58.72,9.3,3.3,?,10.5,C.W. OF IND. STATES ,15233244,2717300,5.6,0.00,-3.35,29.21,6300,98.4,164.1,7.98,0.05,91.97,4,16,9.42,0.067,0.386,0.547,0,2014
MNG,241,492893993.5,95,6.66,0.15,19.03,7.06,230.38,17756985571,143.43,16.8,78653166.16,1.1,0.56,10.64,93.02,?,?,?,19.6,10.6,ASIA (EX. NEAR EAST)         ,2832224,1564116,1.8,0.00,0,53.79,1800,97.8,55.1,0.77,0,99.23,1,21.59,6.95,0.206,0.214,0.58,0,2014
CPV,228,20990352.76,86.8,27.1,?,?,?,201.66,717767981.4,79.88,?,8569578.66,-1.2,-0.22,1.51,76.13,?,?,?,13.7,33.7,SUB-SAHARAN AFRICA                 ,420979,4033,104.4,23.93,-12.07,47.77,1400,76.6,169.6,9.68,0.5,89.82,3,24.87,6.55,0.121,0.219,0.66,965,2014
IRN,228,6717617668,59.81,39.79,?,554.48,16.82,685.53,4.50E+11,97.5,?,2149673532,-4.7,-2.5,5.65,46.93,?,?,?,5.5,1.7,ASIA (EX. NEAR EAST)         ,68688433,1648000,41.7,0.15,-0.84,41.58,7000,79.4,276.4,8.72,1.39,89.89,1,17,5.55,0.116,0.424,0.46,2.440,2014
DJI,220,15636437.01,0,?,?,?,?,52.06,896251117.5,14.43,?,4336260.21,3.9,4.75,1.01,?,?,?,?,12.8,22.5,SUB-SAHARAN AFRICA                 ,486530,23000,21.2,1.37,0,104.13,1300,67.9,22.8,0.04,0,99.96,1,39.53,19.31,0.179,0.225,0.596,314,2014
IRQ,216,1362014995,55,7.24,0.04,134.71,?,103.07,67008540181,6.77,?,195657110.4,1.2,0.8,5.29,?,?,?,?,27.8,12.1,NEAR EAST                          ,26783383,437072,61.3,0.01,0,50.25,1500,40.4,38.6,13.15,0.78,86.07,1,31.98,5.37,0.073,0.666,0.261,58,2014
TUN,207,626765530.6,94,20.01,0.63,26.54,18.49,674.13,99249108536,46.16,?,135066554.8,0.6,-0.05,14.27,?,28.42,?,?,5,5.3,NORTHERN AFRICA                    ,10175014,163610,62.2,0.70,-0.57,24.77,6900,74.2,123.6,17.86,13.74,68.4,3,15.52,5.13,0.132,0.318,0.55,1.148,2014
UZB,206,1589923233,32,?,0.21,97.35,?,341.85,26579405157,47.41,?,375231426.6,5.8,6.21,4.07,31.19,?,?,?,6.3,62.1,C.W. OF IND. STATES ,27307134,447400,61.0,0.00,-1.72,71.1,1700,99.3,62.9,10.83,0.83,88.34,1,26.36,7.84,0.342,0.229,0.43,0,2014
YEM,167,361380310.3,80,2.06,?,12,?,68.46,8389990053,7.87,?,61377843.17,-31.8,-30.97,1.65,?,?,?,37.8,28.8,21.1,NEAR EAST                          ,21456188,527970,40.6,0.36,0,61.5,800,50.2,37.2,2.78,0.24,96.98,1,42.89,8.3,0.135,0.472,0.393,1.906,2014
TKM,161,?,?,?,?,?,?,?,?,?,?,?,?,?,?,?,?,?,?,?,?,C.W. OF IND. STATES ,5042920,488100,10.3,0.00,-0.86,73.08,5800,98.0,74.6,3.72,0.14,96.14,1,27.61,8.6,0.209,0.38,0.411,0,2014
NER,151,411323114.5,10,22.7,?,2.56,?,27.76,5681740002,3.07,?,121509322.9,-0.3,0.05,1.25,?,?,?,?,11.3,74.9,SUB-SAHARAN AFRICA                 ,12525094,1267000,9.9,0.00,-0.67,121.69,800,17.6,1.9,3.54,0.01,96.45,1,50.73,20.91,0.39,0.17,0.44,0,2014
OMN,125,?,?,?,?,?,?,?,?,?,?,?,?,?,?,?,?,?,?,?,?,NEAR EAST                          ,3102229,212460,14.6,0.98,0.28,19.51,13100,75.8,85.5,0,0.14,99.74,1,36.24,3.81,0.027,0.39,0.583,2.092,2014
KWT,121,?,?,?,?,?,?,?,?,?,?,?,?,?,?,?,?,?,?,?,?,NEAR EAST                          ,2418393,17820,135.7,2.80,14.18,9.95,19000,83.5,211.0,0.73,0.11,99.16,1,21.94,2.41,0.004,0.479,0.516,499,2014
JOR,111,402360957.5,99,27.37,?,24.46,?,542.5,8168334045,39.68,?,118960261.9,-0.5,-1.52,4.04,?,53.7,?,38.1,4.2,2.3,NEAR EAST                          ,5906760,92300,64.0,0.03,6.59,17.35,4300,91.3,104.5,2.67,1.83,95.5,1,21.25,2.65,0.033,0.287,0.68,26,2014
MRT,92,174250271.2,30,?,?,?,?,113.47,3685879306,16.2,?,21001987.31,-1.9,0.18,1.2,?,?,14.8,?,5.3,20.1,SUB-SAHARAN AFRICA                 ,3177388,1030700,3.1,0.07,0,70.89,1800,41.7,12.9,0.48,0.01,99.51,1,40.99,12.16,0.25,0.29,0.46,754,2014
DZA,89,2090186078,46,9.14,?,131.48,?,207.81,2.68E+11,13.47,21.2,235303972.1,3.1,1.73,14.61,?,21.03,?,?,4.6,0.5,NORTHERN AFRICA                    ,32930091,2381740,13.8,0.04,-0.39,31,6000,70.0,78.1,3.22,0.25,96.53,1,17.14,4.61,0.101,0.6,0.298,998,2014
BHR,83,?,?,?,?,?,?,?,?,?,?,?,?,?,?,?,?,?,?,?,?,NEAR EAST                          ,698585,665,1050.5,24.21,1.05,17.27,16900,89.1,281.3,2.82,5.63,91.55,1,17.8,4.14,0.005,0.387,0.608,161,2014
ARE,78,?,?,?,?,?,?,?,?,?,?,?,?,?,?,?,?,?,?,?,?,NEAR EAST                          ,2602713,82880,31.4,1.59,1.03,14.51,23200,77.9,475.3,0.6,2.25,97.15,1,18.96,4.4,0.04,0.585,0.375,1.318,2014
QAT,74,?,?,?,?,?,?,?,?,?,?,?,?,?,?,?,?,?,?,?,?,NEAR EAST                          ,885359,11437,77.4,4.92,16.29,18.61,21500,82.5,232.0,1.64,0.27,98.09,1,15.56,4.72,0.002,0.801,0.197,563,2014
SAU,59,?,?,?,?,?,?,?,?,?,?,?,?,?,?,?,?,?,?,?,?,NEAR EAST                          ,27019731,1960582,13.8,0.13,-2.71,13.24,11800,78.8,140.6,1.67,0.09,98.24,1,29.34,2.58,0.033,0.613,0.354,2.640,2014
LBY,56,?,?,?,?,?,?,?,?,?,?,?,?,?,?,?,?,?,?,?,?,NORTHERN AFRICA                    ,5900754,1759540,3.4,0.10,0,24.6,6400,82.6,127.1,1.03,0.19,98.78,,26.49,3.48,0.076,0.499,0.425,1.770,2014
EGY,51,4230554270,97.8,14.2,0.72,199.52,11.22,421.07,6.59E+11,17.98,27.6,879614802.9,4,4.08,13.55,?,?,?,?,4.5,16.8,NORTHERN AFRICA                    ,78887007,1001450,78.8,0.24,-0.22,32.59,4000,57.7,131.8,2.87,0.48,96.65,1,22.94,5.23,0.149,0.357,0.493,2.450,2014
SSD,?,59288540.66,20,?,?,1.12,?,?,?,2.4,?,175095712.5,-9.6,1.95,0.49,18.89,?,?,250.2,?,42.7,?,?,?,?,?,?,?,?,?,?,?,?,?,?,?,?,?,?,?,0,2014
FSM,?,1423117.89,?,?,?,?,?,?,63763072.45,29.05,?,?,?,4.51,0.19,76.42,?,?,?,?,16,OCEANIA                            ,108004,702,153.9,870.66,-20.99,30.21,2000,89.0,114.8,5.71,45.71,48.58,2,24.68,4.75,0.289,0.152,0.559,6.112,2014
VUT,?,9564649.5,51,?,?,?,?,100.28,337870765.7,61.33,?,4117704.84,-3.6,-0.6,3.2,?,?,?,?,6.9,13.2,OCEANIA                            ,208869,12200,17.1,20.72,0,55.16,2900,53.0,32.6,2.46,7.38,90.16,2,22.72,7.82,0.26,0.12,0.62,2.528,2014
KIR,?,3989076.6,63,?,?,?,?,82.27,40972239.05,?,?,?,?,5.68,3.02,?,?,?,?,3.3,12.9,OCEANIA                            ,105432,811,130.0,140.94,0,48.52,800,,42.7,2.74,50.68,46.58,2,30.65,8.26,0.089,0.242,0.668,1.143,2014
TUV,?,68458.67,?,?,?,?,?,36.87,9340151.42,?,?,?,?,8.22,1.7,96.28,?,?,?,?,3.3,OCEANIA                            ,11810,26,454.2,92.31,0,20.03,1100,,59.3,0,0,100,2,22.18,7.11,0.166,0.272,0.562,24,2014
TON,?,9706293.39,70,1.61,?,?,?,250.39,237870154.7,57.94,?,?,3.2,3.14,3.25,?,?,?,?,?,2.8,OCEANIA                            ,114689,748,153.3,56.02,0,12.62,2200,98.5,97.7,23.61,43.06,33.33,2,25.37,5.28,0.23,0.27,0.5,419,2014
SRB,?,589172946.4,97.29,23.91,0.87,45.63,16.14,718.61,32937014934,75.51,20.1,?,0.2,1.27,5.12,96.27,?,?,3.9,5.6,2.5,EASTERN EUROPE                     ,9396411,88361,106.3,0.00,-1.33,12.89,2200,93.0,285.8,33.35,3.2,63.45,,,,0.166,0.255,0.579,0,2014
PSE,?,?,0,2.2,?,?,12.26,276.32,?,33.31,31.6,?,-3.8,0.65,5.88,64.68,?,?,28.5,?,1.8,?,?,?,?,?,?,?,?,?,?,?,?,?,?,?,?,?,?,?,?,?
MNE,?,30012119.27,97.2,16.06,0.37,3.11,6.68,326.86,3187660131,119.06,16.5,26227969.54,2.9,3.31,0.69,65.81,58.12,?,5.4,?,1.7,?,?,?,?,?,?,?,?,?,?,?,?,?,?,?,?,?,?,?,293.5,2014
WSM,?,5950070.16,86,?,?,?,?,351.87,300462778.4,62.5,?,3139448.36,1,2.16,5.95,30.46,?,?,?,3.2,0.6,OCEANIA                            ,176908,2944,60.1,13.69,-11.7,27.71,5600,99.7,75.2,21.2,24.38,54.42,2,16.43,6.62,0.114,0.584,0.302,403,2014
ASM,?,?,?,?,?,?,?,?,?,?,?,?,?,?,?,?,?,?,?,?,?,OCEANIA                            ,57794,199,290.4,58.29,-20.71,9.27,8000,97.0,259.5,10,15,75,2,22.46,3.27,,,,116,2014
AND,?,?,?,?,?,?,?,?,?,?,?,?,?,?,?,?,?,?,?,?,?,WESTERN EUROPE                     ,71201,468,152.1,0.00,6.6,4.05,19000,100.0,497.2,2.22,0,97.78,3,8.71,6.25,,,,0,2014
AIA,?,?,?,?,?,?,?,?,?,?,?,?,?,?,?,?,?,?,?,?,?,LATIN AMER. & CARIB    ,13477,102,132.1,59.80,10.76,21.03,8600,95.0,460.0,0,0,100,2,14.17,5.34,0.04,0.18,0.78,61,2014
ABW,?,?,?,?,?,?,?,?,?,?,?,?,?,?,?,?,?,?,?,?,?,LATIN AMER. & CARIB    ,71891,193,372.5,35.49,0,5.89,28000,97.0,516.1,10.53,0,89.47,2,11.03,6.68,0.004,0.333,0.663,68.5,2014
BMU,?,?,?,?,?,?,?,?,?,?,?,?,?,?,?,?,?,?,?,?,?,NORTHERN AMERICA                   ,65773,53,1241.0,194.34,2.49,8.53,36000,98.0,851.4,20,0,80,2,11.4,7.74,0.01,0.1,0.89,103,2014
VGB,?,?,?,?,?,?,?,?,?,?,?,?,?,?,?,?,?,?,?,?,?,LATIN AMER. & CARIB    ,23098,153,151.0,52.29,10.01,18.05,16000,97.8,506.5,20,6.67,73.33,2,14.89,4.42,0.018,0.062,0.92,80,2014
CYM,?,?,?,?,?,?,?,?,?,?,?,?,?,?,?,?,?,?,?,?,?,LATIN AMER. & CARIB    ,45436,262,173.4,61.07,18.75,8.19,35000,98.0,836.3,3.85,0,96.15,2,12.74,4.89,0.014,0.032,0.954,160,2014
COK,?,?,?,?,?,?,?,?,?,?,?,?,?,?,?,?,?,?,?,?,?,OCEANIA                            ,21388,240,89.1,50.00,,,5000,95.0,289.9,17.39,13.04,69.57,2,21,,0.151,0.096,0.753,120,2014
FRO,?,?,?,?,?,?,?,?,?,?,?,?,?,?,?,?,?,?,?,?,?,WESTERN EUROPE                     ,47246,1399,33.8,79.84,1.41,6.24,22000,,503.8,2.14,0,97.86,,14.05,8.7,0.27,0.11,0.62,1.117,2014
GUF,?,?,?,?,?,?,?,?,?,?,?,?,?,?,?,?,?,?,?,?,?,LATIN AMER. & CARIB    ,199509,91000,2.2,0.42,6.27,12.07,8300,83.0,255.6,0.14,0.05,99.81,2,20.46,4.88,0.066,0.156,0.778,?,?
PYF,?,?,?,?,?,?,?,?,?,?,?,?,?,?,?,?,?,?,?,?,?,OCEANIA                            ,274578,4167,65.9,60.60,2.94,8.44,17500,98.0,194.5,0.82,5.46,93.72,2,16.68,4.69,0.031,0.19,0.769,2.525,2014
GIB,?,?,?,?,?,?,?,?,?,?,?,?,?,?,?,?,?,?,?,?,?,WESTERN EUROPE                     ,27928,7,3989.7,171.43,0,5.13,17500,,877.7,0,0,100,,10.74,9.31,,,,12,2014
GRL,?,?,?,?,?,?,?,?,?,?,?,?,?,?,?,?,?,?,?,?,?,NORTHERN AMERICA                   ,56361,2166086,0.0,2.04,-8.37,15.82,20000,,448.9,0,0,100,1,15.93,7.84,,,,44.087,2014
GLP,?,?,?,?,?,?,?,?,?,?,?,?,?,?,?,?,?,?,?,?,?,LATIN AMER. & CARIB    ,452776,1780,254.4,17.19,-0.15,8.6,8000,90.0,463.8,11.24,3.55,85.21,2,15.05,6.09,0.15,0.17,0.68,?,?
GUM,?,?,?,?,?,?,?,?,?,?,?,?,?,?,?,?,?,?,?,?,?,OCEANIA                            ,171019,541,316.1,23.20,0,6.94,21000,99.0,492.0,9.09,16.36,74.55,2,18.79,4.48,,,,125.5,2014
GGY,?,?,?,?,?,?,?,?,?,?,?,?,?,?,?,?,?,?,?,?,?,WESTERN EUROPE                     ,65409,78,838.6,64.10,3.84,4.71,20000,,842.4,,,,3,8.81,10.01,0.03,0.1,0.87,50,2014
HKG,?,?,?,?,?,?,?,?,?,?,?,?,?,?,?,?,?,?,?,?,?,ASIA (EX. NEAR EAST)         ,6940432,1092,6355.7,67.12,5.24,2.97,28800,93.5,546.7,5.05,1.01,93.94,2,7.29,6.29,0.001,0.092,0.906,733,2014
IMN,?,?,?,?,?,?,?,?,?,?,?,?,?,?,?,?,?,?,?,?,?,WESTERN EUROPE                     ,75441,572,131.9,27.97,5.36,5.93,21000,,676.0,9,0,91,3,11.05,11.19,0.01,0.13,0.86,160,2014
JEY,?,?,?,?,?,?,?,?,?,?,?,?,?,?,?,?,?,?,?,?,?,WESTERN EUROPE                     ,91084,116,785.2,60.34,2.76,5.24,24800,,811.3,0,0,100,3,9.3,9.28,0.05,0.02,0.93,70,2014
LIE,?,?,?,?,?,?,?,?,?,?,?,?,?,?,?,?,?,?,?,?,?,WESTERN EUROPE                     ,33987,160,212.4,0.00,4.85,4.7,25000,100.0,585.5,25,0,75,4,10.21,7.18,0.06,0.39,0.55,0,2014
MAC,?,?,?,?,?,?,?,?,?,?,?,?,?,?,?,?,?,?,?,?,?,ASIA (EX. NEAR EAST)         ,453125,28,16183.0,146.43,4.86,4.39,19400,94.5,384.9,0,0,100,2,8.48,4.47,0.001,0.072,0.927,41,2014
MHL,?,?,?,?,?,?,?,?,?,?,?,?,?,?,?,?,?,?,?,?,?,OCEANIA                            ,60422,11854,5.1,3.12,-6.04,29.45,1600,93.7,91.2,16.67,38.89,44.44,2,33.05,4.78,0.317,0.149,0.534,370.4,2014
MTQ,?,?,?,?,?,?,?,?,?,?,?,?,?,?,?,?,?,?,?,?,?,LATIN AMER. & CARIB    ,436131,1100,396.5,31.82,-0.05,7.09,14400,97.7,394.4,10.38,9.43,80.19,2,13.74,6.48,0.06,0.11,0.83,?,?
MYT,?,?,?,?,?,?,?,?,?,?,?,?,?,?,?,?,?,?,?,?,?,SUB-SAHARAN AFRICA                 ,201234,374,538.1,49.52,6.78,62.4,2600,,49.7,,,,2,40.95,7.7,,,,?,?
MCO,?,?,?,?,?,?,?,?,?,?,?,?,?,?,?,?,?,?,?,?,?,WESTERN EUROPE                     ,32543,2,16271.5,205.00,7.75,5.43,27000,99.0,1035.6,0,0,100,,9.19,12.91,0.17,,,4.1,2014
MSR,?,?,?,?,?,?,?,?,?,?,?,?,?,?,?,?,?,?,?,?,?,LATIN AMER. & CARIB    ,9439,102,92.5,39.22,0,7.35,3400,97.0,,20,0,80,2,17.59,7.1,,,,40,2014
NRU,?,?,?,?,?,?,?,?,?,?,?,?,?,?,?,?,?,?,?,?,?,OCEANIA                            ,13287,21,632.7,142.86,0,9.95,5000,,143.0,0,0,100,2,24.76,6.7,,,,30,2014
NCL,?,?,?,?,?,?,?,?,?,?,?,?,?,?,?,?,?,?,?,?,?,OCEANIA                            ,219246,19060,11.5,11.83,0,7.72,15000,91.0,252.2,0.38,0.33,99.29,2,18.11,5.69,0.15,0.088,0.762,2.254,2014
MNP,?,?,?,?,?,?,?,?,?,?,?,?,?,?,?,?,?,?,?,?,?,OCEANIA                            ,82459,477,172.9,310.69,9.61,7.11,12500,97.0,254.7,13.04,4.35,82.61,2,19.43,2.29,,,,1.482,2014
PLW,?,?,?,?,?,?,?,?,?,?,?,?,?,?,?,?,?,?,?,?,?,OCEANIA                            ,20579,458,44.9,331.66,2.85,14.84,9000,92.0,325.6,8.7,4.35,86.95,2,18.03,6.8,0.062,0.12,0.818,1.519,2014
REU,?,?,?,?,?,?,?,?,?,?,?,?,?,?,?,?,?,?,?,?,?,SUB-SAHARAN AFRICA                 ,787584,2517,312.9,8.22,0,7.78,5800,88.9,380.9,13.6,1.2,85.2,2,18.9,5.49,0.08,0.19,0.73,?,?
SHN,?,?,?,?,?,?,?,?,?,?,?,?,?,?,?,?,?,?,?,?,?,SUB-SAHARAN AFRICA                 ,7502,413,18.2,14.53,0,19,2500,97.0,293.3,12.9,0,87.1,,12.13,6.53,,,,?,?
SPM,?,?,?,?,?,?,?,?,?,?,?,?,?,?,?,?,?,?,?,?,?,NORTHERN AMERICA                   ,7026,242,29.0,49.59,-4.86,7.54,6900,99.0,683.2,13.04,0,86.96,,13.52,6.83,,,,120,2014
SMR,?,?,?,?,?,?,?,?,?,?,?,?,?,?,?,?,?,?,?,?,?,WESTERN EUROPE                     ,29251,61,479.5,0.00,10.98,5.73,34600,96.0,704.3,16.67,0,83.33,,10.02,8.17,,,,0,2014
TWN,?,?,?,?,?,?,?,?,?,?,?,?,?,?,?,?,?,?,?,?,?,ASIA (EX. NEAR EAST)         ,23036087,35980,640.3,4.35,0,6.4,23400,96.1,591.0,24,1,75,2,12.56,6.48,0.018,0.259,0.723,1.566.3,2014
TCA,?,?,?,?,?,?,?,?,?,?,?,?,?,?,?,?,?,?,?,?,?,LATIN AMER. & CARIB    ,21152,430,49.2,90.47,11.68,15.67,9600,98.0,269.5,2.33,0,97.67,2,21.84,4.21,,,,389,2014
VIR,?,?,?,?,?,?,?,?,?,?,?,?,?,?,?,?,?,?,?,?,?,LATIN AMER. & CARIB    ,108605,1910,56.9,9.84,-8.94,8.03,17200,,652.8,11.76,2.94,85.3,2,13.96,6.43,0.01,0.19,0.8,?,?
WLF,?,?,?,?,?,?,?,?,?,?,?,?,?,?,?,?,?,?,?,?,?,OCEANIA                            ,16025,274,58.5,47.08,,,3700,50.0,118.6,5,25,70,2,,,,,,129,2014
ESH,?,?,?,?,?,?,?,?,?,?,?,?,?,?,?,?,?,?,?,?,?,NORTHERN AFRICA                    ,273008,266000,1.0,0.42,,,,,,0.02,0,99.98,1,,,,,0.4,1.110,2014
ATA,?,?,?,?,?,?,?,?,?,?,?,?,?,?,?,?,?,?,?,?,?,?,?,?,?,?,?,?,?,?,?,?,?,?,?,?,?,?,?,?,17.968,2014
SJM,?,?,?,?,?,?,?,?,?,?,?,?,?,?,?,?,?,?,?,?,?,?,?,?,?,?,?,?,?,?,?,?,?,?,?,?,?,?,?,?,3.587,2014
ATF,?,?,?,?,?,?,?,?,?,?,?,?,?,?,?,?,?,?,?,?,?,?,?,?,?,?,?,?,?,?,?,?,?,?,?,?,?,?,?,?,2.948.4,2014
FLK,?,?,?,?,?,?,?,?,?,?,?,?,?,?,?,?,?,?,?,?,?,?,?,?,?,?,?,?,?,?,?,?,?,?,?,?,?,?,?,?,1.288,2014
IOT,?,?,?,?,?,?,?,?,?,?,?,?,?,?,?,?,?,?,?,?,?,?,?,?,?,?,?,?,?,?,?,?,?,?,?,?,?,?,?,?,698,2014
CUW,?,?,?,?,?,?,?,?,?,?,?,?,?,?,?,?,?,?,?,?,?,?,?,?,?,?,?,?,?,?,?,?,?,?,?,?,?,?,?,?,364,2014
CXR,?,?,?,?,?,?,?,?,?,?,?,?,?,?,?,?,?,?,?,?,?,?,?,?,?,?,?,?,?,?,?,?,?,?,?,?,?,?,?,?,138.9,2014
HMD,?,?,?,?,?,?,?,?,?,?,?,?,?,?,?,?,?,?,?,?,?,?,?,?,?,?,?,?,?,?,?,?,?,?,?,?,?,?,?,?,101.9,2014
TKL,?,?,?,?,?,?,?,?,?,?,?,?,?,?,?,?,?,?,?,?,?,?,?,?,?,?,?,?,?,?,?,?,?,?,?,?,?,?,?,?,101,2014
NIU,?,?,?,?,?,?,?,?,?,?,?,?,?,?,?,?,?,?,?,?,?,?,?,?,?,?,?,?,?,?,?,?,?,?,?,?,?,?,?,?,64,2014
MAF,?,?,?,?,?,?,?,?,?,?,?,?,?,?,?,?,?,?,?,?,?,?,?,?,?,?,?,?,?,?,?,?,?,?,?,?,?,?,?,?,58.9,2014
PCN,?,?,?,?,?,?,?,?,?,?,?,?,?,?,?,?,?,?,?,?,?,?,?,?,?,?,?,?,?,?,?,?,?,?,?,?,?,?,?,?,51,2014
NFK,?,?,?,?,?,?,?,?,?,?,?,?,?,?,?,?,?,?,?,?,?,?,?,?,?,?,?,?,?,?,?,?,?,?,?,?,?,?,?,?,32,2014
BVT,?,?,?,?,?,?,?,?,?,?,?,?,?,?,?,?,?,?,?,?,?,?,?,?,?,?,?,?,?,?,?,?,?,?,?,?,?,?,?,?,29.6,2014
CCK,?,?,?,?,?,?,?,?,?,?,?,?,?,?,?,?,?,?,?,?,?,?,?,?,?,?,?,?,?,?,?,?,?,?,?,?,?,?,?,?,26,2014
WAK,?,?,?,?,?,?,?,?,?,?,?,?,?,?,?,?,?,?,?,?,?,?,?,?,?,?,?,?,?,?,?,?,?,?,?,?,?,?,?,?,19.3,2014
VAT,?,?,?,?,?,?,?,?,?,?,?,?,?,?,?,?,?,?,?,?,?,?,?,?,?,?,?,?,?,?,?,?,?,?,?,?,?,?,?,?,0,2014
