"geoareaname	12.2.2 Consumption	9.c.1 3G Coverage	9.b.1 Proportion of Tech Value	9.5.1 research spending per GDP	9.4.1 CO2 Emission	9.2.2 percentage of manufacturing employment	9.2.1. Manufacutring add value	9.1.2 Transportation Volume	8.10.1 number of ATM"
"Democratic Republic of the Congo	1001433955	20	#N/A	0.02	2.78	#N/A	79.34	8827461464	2.34	#N/A	313943208.1	3.4	3.45	3.46	#N/A	#N/A	#N/A	#N/A	28.2	96.1"
"United Republic of Tanzania	1011825264	85	6.83	#N/A	12.19	#N/A	60.36	26157151052	8.46	#N/A	148930499.1	3.6	3.77	7.67	#N/A	#N/A	4.5	#N/A	32.3	86"
"Afghanistan	390636658.2	40	9.51	#N/A	#N/A	#N/A	74.55	12433264116	3.12	#N/A	81775900.94	-3.9	-4.64	7.24	#N/A	#N/A	#N/A	48.3	23	84.5"
"Madagascar	348366215.6	61	3.56	#N/A	#N/A	6.58	68.71	9989413295	4.35	#N/A	40366545.13	1.1	0.31	2.89	#N/A	#N/A	#N/A	#N/A	42.3	81.3"
"Mozambique	405517267	50	10.89	0.34	5.61	4.06	53.73	7714508639	14.39	#N/A	108290331.4	3.4	3.56	2.63	#N/A	#N/A	#N/A	#N/A	26.6	80.6"
"Rwanda	197613484.2	88.01	6.66	#N/A	#N/A	#N/A	39.62	5585309734	11.62	#N/A	71256759.5	5.9	6.23	3.87	#N/A	#N/A	7.7	#N/A	41.1	80.1"
"Lao People's Democratic Republic	365989079.2	65	#N/A	#N/A	#N/A	#N/A	161.74	4341239033	26.21	#N/A	87816025.44	5.2	5.86	11.2	55.21	#N/A	#N/A	#N/A	17.1	79.3"
"Burundi	110538218.2	0	2.57	#N/A	#N/A	#N/A	31.69	2470485650	4.58	#N/A	33501716.01	-7	-3.31	1.09	#N/A	#N/A	#N/A	#N/A	#N/A	78.1"
"Niger	411323114.5	10	22.7	#N/A	2.56	#N/A	27.76	5681740002	3.07	#N/A	121509322.9	-0.3	0.05	1.25	#N/A	#N/A	#N/A	#N/A	11.3	74.9"
"Bangladesh	2477464636	71	9.47	#N/A	71.18	#N/A	202.33	76468608857	15.22	#N/A	732892227.3	4.7	5.37	13.94	#N/A	#N/A	#N/A	#N/A	15.1	74.2"
"Malawi	345566965.5	32	11.34	#N/A	#N/A	#N/A	55.41	4792415671	8.11	#N/A	42305011.62	-0.5	-0.15	1.98	#N/A	#N/A	4.5	#N/A	25.9	72.8"
"Guinea	268963593	39.1	#N/A	#N/A	#N/A	#N/A	73.42	5238584961	4.6	#N/A	55181372.76	-2.5	1.99	2.44	#N/A	#N/A	#N/A	#N/A	17.5	71"
"Zimbabwe	307621973	55.1	#N/A	#N/A	12.97	#N/A	97.67	2949306366	11.32	#N/A	19620654.59	-1.2	-0.93	3.21	#N/A	#N/A	5.6	#N/A	44.7	69.4"
"Liberia	97520107.77	50	#N/A	#N/A	#N/A	#N/A	21.42	850060453.2	#N/A	#N/A	15446659.59	-2.7	6.66	0.92	84.25	#N/A	#N/A	#N/A	42.8	68.6"
"Central African Republic	90938244.94	23	9.25	#N/A	#N/A	#N/A	90.46	1332121882	#N/A	#N/A	22809217.25	4.6	4.09	1.07	#N/A	#N/A	#N/A	#N/A	58.6	67.7"
"Guinea-Bissau	40666196.79	#N/A	#N/A	#N/A	#N/A	#N/A	72.73	768325628.5	7.27	#N/A	#N/A	1.8	2.45	0.44	#N/A	#N/A	#N/A	#N/A	28.3	67.1"
"Middle Africa	1447171372	38.71	#N/A	#N/A	35.21	#N/A	#N/A	#N/A	#N/A	#N/A	692222699.3	#N/A	-1.02	21.94	#N/A	#N/A	#N/A	98.4	24.8	67.1"
"Chad	217934278.1	13	#N/A	#N/A	#N/A	#N/A	117.09	7030232386	2.14	#N/A	44928308.68	-1.7	1.12	1.21	#N/A	#N/A	13	#N/A	32.5	66.2"
"Zambia	630927381.7	53	21.08	#N/A	3.6	#N/A	139.35	10723273791	15.6	#N/A	114730067.5	-0.6	-0.14	2.76	#N/A	#N/A	#N/A	#N/A	45.9	64.4"
"Uganda	710392896	60	11.07	#N/A	#N/A	#N/A	65.07	19448639917	7.34	#N/A	202436246.1	1.2	2.22	5.63	#N/A	#N/A	#N/A	#N/A	39	64.1"
"Nigeria	3761042389	66.6	33.44	#N/A	64.67	#N/A	251.32	2.66774E+11	21.62	#N/A	881625626.8	-0.4	-0.02	5.14	#N/A	#N/A	7.2	73.5	7.9	62.8"
"Sierra Leone	285995541	20	#N/A	#N/A	#N/A	#N/A	9.75	2139994894	#N/A	#N/A	76601688.5	-22.9	-22.33	0.87	32.8	#N/A	#N/A	#N/A	30.9	62.8"
"Uzbekistan	1589923233	32	#N/A	0.21	97.35	#N/A	341.85	26579405157	47.41	#N/A	375231426.6	5.8	6.21	4.07	31.19	#N/A	#N/A	#N/A	6.3	62.1"
"Lesotho	151479388	95.6	#N/A	0.05	#N/A	#N/A	119.06	962241068.7	12.72	#N/A	49780036.38	6.9	4.21	0.83	38.02	#N/A	#N/A	#N/A	14.5	61.3"
"Myanmar	1049595132	79.3	6.63	#N/A	24.74	10.87	268.96	17687396695	5.34	18.6	151484467.7	6.2	6.01	12.4	#N/A	#N/A	#N/A	6.3	16.9	61"
"Mali	576581221.2	10	#N/A	0.31	#N/A	4.78	139.11	5278198972	10.5	24.9	157997637.1	4.4	4.5	3.45	43.44	#N/A	13.5	#N/A	4	60.9"
"Democratic People's Republic of Korea	578349413	#N/A	#N/A	#N/A	27.25	#N/A	138.08	#N/A	#N/A	#N/A	50280829.69	-1.5	-1.64	0.88	#N/A	#N/A	#N/A	#N/A	40.8	60.8"
"Sub-Saharan Africa	11339988572	62.16	#N/A	0.42	670.89	6.96	173.75	9.4179E+11	#N/A	#N/A	5227829918	-0.2	0.24	130.93	40.77	#N/A	19.6	87.9	21.3	59.5"
"Least Developed Countries (LDCs)	9109895127	59.76	#N/A	0.24	234.83	7.93	111.47	5.75636E+11	#N/A	#N/A	4067710644	0.8	1.35	173.78	44.61	#N/A	16.1	69.9	24.4	59.3"
"Eastern Africa	3623120105	64.35	#N/A	#N/A	61.83	#N/A	#N/A	#N/A	#N/A	#N/A	1408356220	#N/A	2.89	56.17	#N/A	#N/A	#N/A	96.6	32	58.1"
"Western Africa	4189204229	63.63	#N/A	#N/A	104.03	#N/A	#N/A	#N/A	#N/A	#N/A	1925695703	#N/A	0.53	39.56	#N/A	#N/A	#N/A	77.4	10.6	57.9"
"Oceania (exc. Australia and New Zealand)	#N/A	58.7	#N/A	#N/A	13.6	3.24	248.15	12388412674	#N/A	#N/A	#N/A	13.2	2.64	#N/A	#N/A	#N/A	25.8	null	#N/A	57.4"
"Burkina Faso	438834094.9	10	#N/A	0.22	#N/A	#N/A	44.18	8632431177	6.37	#N/A	138083482.6	0.6	0.88	1.32	9.41	#N/A	#N/A	57.3	20.2	57.3"
"Benin	321244701.8	45	#N/A	#N/A	5.9	#N/A	121.53	4909453416	8.25	#N/A	91416183.82	-1	2.13	1.94	#N/A	#N/A	#N/A	#N/A	10.3	56.9"
"Sub-Saharan Africa (inc. Sudan)	#N/A	61.42	#N/A	0.41	686.27	7.08	173.15	9.67046E+11	#N/A	#N/A	#N/A	#N/A	#N/A	#N/A	41.46	#N/A	#N/A	87	21.5	56.8"
"Togo	176790097	50	#N/A	#N/A	2.68	#N/A	51.53	2827015465	5.21	#N/A	37690876.95	2.5	3.06	1.66	#N/A	#N/A	#N/A	97.2	11.5	55.6"
"Landlocked developing countries (LLDCs)	7547464194	56.94	#N/A	0.25	537.89	6.62	183.19	5.42074E+11	#N/A	#N/A	3557991686	0.7	1.04	121.73	42.98	#N/A	#N/A	69.6	23.2	55.4"
"Congo	105770344.1	50	2.42	#N/A	2.97	#N/A	121.86	13338135404	11.2	#N/A	22186246.13	0.3	0.09	3.85	#N/A	#N/A	8.2	#N/A	28.2	51.6"
"Senegal	292121052.7	40	21.65	#N/A	7.46	6.15	141.69	11390173966	10.26	36.2	73229527.53	1.5	3.71	5.95	17.42	#N/A	7.8	#N/A	11.3	51.1"
"Eswatini	75833441.61	21	1.65	#N/A	#N/A	#N/A	1393.14	733989944.7	37.81	#N/A	25734521.22	-1.7	2.31	1.04	#N/A	#N/A	#N/A	#N/A	19.6	48.4"
"Haiti	80699467.61	50	5.26	#N/A	4.13	#N/A	86.8	4751451118	3.95	#N/A	23602881.49	-1	-0.1	3.48	#N/A	#N/A	#N/A	#N/A	46.8	48.3"
"Gambia	29543616.39	86	3.9	#N/A	#N/A	#N/A	30.91	1415916598	9.03	#N/A	9368361.26	1.4	1.19	0.99	#N/A	#N/A	#N/A	#N/A	10.9	47.1"
"Timor-Leste	58850071.96	96	#N/A	#N/A	#N/A	#N/A	6.06	219379400.4	12.09	#N/A	#N/A	2.3	18.14	7.97	59.26	#N/A	#N/A	#N/A	26.9	47"
"Nepal	635369083.2	50	8.6	#N/A	7.59	#N/A	46.08	6662988232	17.71	#N/A	149778946.7	0.3	2.12	6.52	80.47	#N/A	#N/A	#N/A	8.1	46.1"
"Solomon Islands	23513296.41	11.5	#N/A	#N/A	#N/A	#N/A	113.82	448007273.6	15.49	#N/A	#N/A	1.3	-0.26	6.07	65.39	#N/A	7.9	#N/A	13.9	45.6"
"Papua New Guinea	489343565.6	60	12.61	#N/A	#N/A	#N/A	55.8	7516790443	10.16	#N/A	41666226.56	39.1	4.41	27.54	#N/A	#N/A	#N/A	#N/A	17.5	45.5"
"South-Eastern Asia	14632058679	72.63	#N/A	0.85	1277.4	13.62	890.67	2.11693E+12	#N/A	#N/A	10145766525	4.4	3.32	177.97	91.68	#N/A	21.9	21.3	10.2	43.2"
"Indonesia	10015652541	60	35.08	#N/A	442.49	13.71	842.8	6.88011E+11	71.07	22.9	3088926315	5.8	3.64	65.85	#N/A	44.62	#N/A	#N/A	7.9	43.1"
"Republic of Moldova	176762171.6	99	18.76	0.37	8.96	9.62	224.55	10650038188	42.5	27.8	7816243.37	-6.9	-0.33	19.75	95.5	54.21	#N/A	#N/A	8.5	43.1"
"Kenya	906789548.8	69	13.07	#N/A	14.88	#N/A	124.98	22394960361	15.46	#N/A	282138015.4	2.4	3	7.93	#N/A	#N/A	#N/A	#N/A	19.1	42.8"
"Ethiopia	1763058911	71	16.08	#N/A	11.9	#N/A	26.33	43864563954	#N/A	#N/A	#N/A	6.9	7.62	7.01	38	#N/A	#N/A	#N/A	28.8	42.8"
"South Sudan	59288540.66	20	#N/A	#N/A	1.12	#N/A	#N/A	#N/A	2.4	#N/A	175095712.5	-9.6	1.95	0.49	18.89	#N/A	#N/A	250.2	#N/A	42.7"
"Kyrgyzstan	288673175.9	59	4.13	0.12	12.27	7.39	150.52	2979820381	38.35	21.4	93530755.38	2.2	2.27	3.35	69.48	#N/A	#N/A	#N/A	6.4	42.2"
"Eastern and South-Eastern Asia	1.20073E+11	89.85	#N/A	2.06	12129.7	16.39	2192.54	1.61738E+13	#N/A	#N/A	70585583942	4.1	3.52	#N/A	87.98	#N/A	26.2	7.2	9.5	41.7"
"Southern Asia	29014484092	57.93	#N/A	0.55	2861.66	12.2	287.89	2.00259E+13	#N/A	#N/A	16119297542	4.2	4.72	82.37	#N/A	#N/A	17.4	38.7	14.9	41.3"
"Eastern Asia	1.05239E+11	95.6	#N/A	2.41	10852.33	#N/A	#N/A	6.71665E+12	#N/A	#N/A	60320857198	4.1	3.68	29.03	#N/A	#N/A	16.3	1.8	9.2	41.2"
"Somalia	229463423.3	30	#N/A	#N/A	#N/A	#N/A	4.02	229840000	#N/A	#N/A	70345377.22	0.3	-0.31	0.29	#N/A	#N/A	#N/A	#N/A	#N/A	41.2"
"Central and Southern Asia	31700519008	56.97	#N/A	0.53	3265.69	12.27	302.06	2.01854E+13	#N/A	#N/A	17497809225	3.9	4.46	#N/A	#N/A	#N/A	18.4	37.8	14.7	40.8"
"Eritrea	97714489.4	92	7.58	#N/A	0.68	#N/A	39.3	1646683267	#N/A	#N/A	39297156.89	2.5	2.59	0.08	16.2	#N/A	#N/A	#N/A	#N/A	40.1"
"Cambodia	455183321.7	70	0.26	0.12	8.25	#N/A	185.54	9362793317	19.47	#N/A	104001171.2	5.2	5.33	13.17	#N/A	#N/A	#N/A	43.8	15.3	39.1"
"Melanesia	#N/A	#N/A	#N/A	#N/A	null	#N/A	#N/A	#N/A	#N/A	#N/A	#N/A	#N/A	3.09	43.02	#N/A	#N/A	#N/A	null	#N/A	39"
"China	1.9851E+11	95	41.38	2.06	9042.2	#N/A	2048.16	1.17681E+13	85.28	#N/A	51607888043	6.9	6.37	17.51	#N/A	78.11	#N/A	#N/A	9.6	38.3"
"India	42074345091	74	37.91	0.62	2067.72	#N/A	300.01	1.695E+13	33.25	#N/A	11633852314	6.2	6.76	15.47	#N/A	#N/A	21	#N/A	14.5	38.2"
"Central Asia	2600497743	48.03	#N/A	0.18	404.59	#N/A	#N/A	1.23679E+11	#N/A	#N/A	1378511707	1.6	1.56	13.2	48.89	#N/A	33.4	6.3	8.3	38.1"
"Viet Nam	5691782451	70	40.36	0.44	170.75	15.69	269.53	1.03528E+11	27.81	#N/A	1731199220	5.8	5.51	44.75	98.74	86.16	6.4	7.8	10.7	38"
"Bhutan	52594069.13	80	#N/A	#N/A	#N/A	6.48	225.81	3026257877	41.82	#N/A	15904748.19	0.6	5.12	6.07	#N/A	#N/A	#N/A	#N/A	#N/A	35.2"
"C™te d'Ivoire	410324207.8	45.75	14.99	#N/A	10.19	#N/A	171.52	12621951879	11.76	#N/A	44221479.21	6.9	6.44	4.07	#N/A	#N/A	#N/A	#N/A	15.4	35"
"World	2.51454E+11	82.39	#N/A	1.7	32295	13.43	1658.93	6.7809E+13	#N/A	#N/A	1.63778E+11	1.5	1.6	1151.78	69.45	#N/A	112.1	27.3	10.7	34.5"
"Bolivia (Plurinational State of)	596534135.8	27	11.67	#N/A	19.22	10.47	269.61	41113810726	53.62	14.6	86311991.41	10.3	3.27	1.17	86.11	#N/A	#N/A	#N/A	20.2	33.8"
"Cabo Verde	20990352.76	86.8	27.1	#N/A	#N/A	#N/A	201.66	717767981.4	79.88	#N/A	8569578.66	-1.2	-0.22	1.51	76.13	#N/A	#N/A	#N/A	13.7	33.7"
"Angola	807738109	100	3.89	#N/A	20.77	#N/A	274.94	68891214902	29.27	#N/A	180696882.2	-0.6	-2.47	1.83	#N/A	#N/A	#N/A	#N/A	14	33.5"
"Namibia	143411223.5	37	7.35	#N/A	3.98	#N/A	554.95	9759037932	68.8	#N/A	35093194.83	3.7	3.61	1.31	#N/A	#N/A	#N/A	#N/A	28.8	33.4"
"Southern Africa	2222288296	94.79	#N/A	#N/A	439.05	#N/A	#N/A	#N/A	#N/A	#N/A	1201555333	#N/A	-0.04	13.27	#N/A	#N/A	#N/A	74.4	7	32.9"
"South Africa	3691860607	98	24.43	#N/A	429.17	11.2	949.98	5.29612E+11	79.82	30.5	937768579.2	-2.3	-0.08	8.3	#N/A	#N/A	#N/A	#N/A	4.6	32.6"
"Sao Tome and Principe	3848329.74	2	#N/A	#N/A	#N/A	#N/A	99.71	152548877.6	56.97	#N/A	2437400.27	1.2	1.56	0.48	54.01	#N/A	#N/A	#N/A	13.5	32.3"
"Honduras	213553327	83.12	7.16	0.02	9.78	14.95	351.95	26349300591	42.8	27	60671057	-3.4	1.89	0.88	76.17	#N/A	#N/A	#N/A	14.8	31.3"
"Caucasus and Central Asia	#N/A	60.31	#N/A	0.19	449.58	12.18	618.57	1.81059E+11	#N/A	#N/A	#N/A	#N/A	#N/A	21.95	47.17	#N/A	#N/A	7.5	7.2	31.2"
"Tajikistan	165581905.6	60	2.49	0.11	4.52	#N/A	86.31	3153779099	#N/A	#N/A	60807138.17	3.5	3.66	1.97	11.2	#N/A	#N/A	9.9	30.1	30.8"
"Small island developing States (SIDS)	1509910051	64.11	#N/A	1.1	140.05	8.08	1912.02	5.99067E+11	#N/A	#N/A	1515623693	1.2	1.21	89.95	80.65	#N/A	#N/A	null	17.7	30.3"
"Ecuador	760896519.6	91.86	10.27	#N/A	38.19	11	657.26	1.27476E+11	65.54	19.8	309141654.7	-5.2	-1.34	2.29	98.74	#N/A	#N/A	19.8	12.1	30.2"
"Botswana	381991915	92	16.51	#N/A	7.36	#N/A	470.77	33188362190	39.22	#N/A	153179158.8	-4.1	-3.51	1.78	#N/A	#N/A	#N/A	105	26	29.8"
"Eastern Asia (excluding Japan)	#N/A	95.23	#N/A	2.22	9711.67	17.4	2176.93	1.27511E+13	#N/A	#N/A	#N/A	#N/A	#N/A	#N/A	#N/A	#N/A	#N/A	1.8	9.8	29.5"
"Cameroon	562563871.7	50	7.61	#N/A	6.2	#N/A	201.1	22513809280	#N/A	#N/A	87627030.05	2.7	2.9	8.28	51.76	#N/A	#N/A	82.8	7.9	29.3"
"Pakistan	5050107417	46	24.62	0.25	147.65	15.52	154.72	64018773985	18.79	30.4	1192135872	2.2	2.59	14.45	#N/A	#N/A	#N/A	#N/A	19.9	28.6"
"Asia	1.62475E+11	#N/A	#N/A	#N/A	17009.57	#N/A	#N/A	#N/A	#N/A	#N/A	93841368813	#N/A	3.35	348.36	#N/A	#N/A	#N/A	21.6	11.7	28.6"
"Caribbean	#N/A	58.36	#N/A	#N/A	89.26	#N/A	#N/A	#N/A	#N/A	#N/A	#N/A	#N/A	1.48	7.97	#N/A	#N/A	#N/A	null	18.3	26.2"
"Ghana	1070862472	80	0.8	#N/A	14.94	14	91.02	13225549814	17.31	#N/A	193752133.2	1.3	1.5	6.42	#N/A	#N/A	#N/A	74.7	7.6	24.5"
"Djibouti	15636437.01	0	#N/A	#N/A	#N/A	#N/A	52.06	896251117.5	14.43	#N/A	4336260.21	3.9	4.75	1.01	#N/A	#N/A	#N/A	#N/A	12.8	22.5"
"Peru	2148496917	90.65	14.72	0.12	49.64	9.16	817.73	3.39073E+11	127.37	18.5	548041010.4	3.1	1.92	3.65	99.37	46.01	0.8	#N/A	7.9	22.4"
"Panama	161410589.8	79	6.19	#N/A	11.81	#N/A	609.88	1.08508E+11	91.29	#N/A	57822835.94	2.7	4.04	0.92	78.88	#N/A	#N/A	#N/A	9.3	21.5"
"Philippines	2382895152	78	45.95	#N/A	104.23	#N/A	608.43	1.34431E+11	33.91	22.7	868392081.8	4.3	4.38	14.37	84.59	#N/A	7.1	#N/A	13.8	21.2"
"Yemen	361380310.3	80	2.06	#N/A	12	#N/A	68.46	8389990053	7.87	#N/A	61377843.17	-31.8	-30.97	1.65	#N/A	#N/A	#N/A	37.8	28.8	21.1"
"Georgia	149436800.2	99	15.71	0.32	9.53	#N/A	407.47	7619000000	102.2	#N/A	67713639.72	2.2	3.94	3.43	#N/A	48.34	#N/A	#N/A	7	21"
"Colombia	1602015390	100	20.94	0.29	72.8	12.11	829.89	2.84588E+11	56.49	21.7	906398801.3	0.9	2.12	7.26	#N/A	57.15	#N/A	#N/A	7.1	20.2"
"Mauritania	174250271.2	30	#N/A	#N/A	#N/A	#N/A	113.47	3685879306	16.2	#N/A	21001987.31	-1.9	0.18	1.2	#N/A	#N/A	14.8	#N/A	5.3	20.1"
"Venezuela (Bolivarian Republic of)	1218881001	90	34.28	0.25	137.75	#N/A	1557.87	3.45609E+11	62.54	#N/A	436758235.1	-6.9	-7.48	1.35	92.45	#N/A	#N/A	#N/A	13	20"
"Armenia	155217578.2	99.9	3.66	0.25	5.16	7.85	408.32	3175257623	83.96	35.6	44813216.93	5	2.86	3.53	#N/A	#N/A	#N/A	8.1	4.4	19.3"
"Comoros	15060794.77	#N/A	#N/A	#N/A	#N/A	#N/A	23.87	441710620.7	7.74	#N/A	#N/A	-2.1	-2.52	4.82	#N/A	#N/A	#N/A	#N/A	#N/A	19.1"
"El Salvador	157155457.4	73.41	19.13	0.13	6.77	16.03	738.17	50663818278	47.26	29.9	65518486.16	1.5	1.79	0.92	83.67	#N/A	#N/A	36.9	12.3	17.8"
"Oceania	3031599458	95.22	#N/A	1.79	425.72	#N/A	#N/A	6.01559E+11	#N/A	#N/A	2303462620	1	1.38	58.42	81.95	#N/A	#N/A	null	6.4	17.5"
"Egypt	4230554270	97.8	14.2	0.72	199.52	11.22	421.07	6.59493E+11	17.98	27.6	879614802.9	4	4.08	13.55	#N/A	#N/A	#N/A	#N/A	4.5	16.8"
"Nicaragua	189073536	75	#N/A	0.11	5.7	#N/A	273.15	7301774719	26.44	#N/A	45863535.65	2.5	3.68	0.83	#N/A	#N/A	#N/A	#N/A	17	16.5"
"Micronesia (Federated States of)	1423117.89	#N/A	#N/A	#N/A	#N/A	#N/A	#N/A	63763072.45	29.05	#N/A	#N/A	#N/A	4.51	0.19	76.42	#N/A	#N/A	#N/A	#N/A	16"
"Sudan	1066839332	45.73	#N/A	#N/A	15.79	#N/A	158.49	99264413692	8.11	#N/A	191945519.8	2.3	2.43	2.49	#N/A	#N/A	#N/A	#N/A	25.6	14.9"
"Mexico	5535257172	89	39.76	0.55	442.84	16.04	1640.28	1.49582E+12	65.17	19.8	2101372018	-0.1	1.9	7.96	99.36	58.26	5.2	9.9	4.2	14.8"
"Argentina	2757896576	90	26	0.63	192.15	#N/A	1584.81	8.62877E+11	73.72	#N/A	966787814.4	1	1.62	3.68	99.37	58.25	#N/A	#N/A	3.6	14"
"Paraguay	307393181.8	66	21.92	0.13	5.85	12.42	432.71	27783368574	35.53	16.8	139003574.4	0.4	1.62	0.92	#N/A	#N/A	#N/A	#N/A	12	13.2"
"Vanuatu	9564649.5	51	#N/A	#N/A	#N/A	#N/A	100.28	337870765.7	61.33	#N/A	4117704.84	-3.6	-0.6	3.2	#N/A	#N/A	#N/A	#N/A	6.9	13.2"
"Kiribati	3989076.6	63	#N/A	#N/A	#N/A	#N/A	82.27	40972239.05	#N/A	#N/A	#N/A	#N/A	5.68	3.02	#N/A	#N/A	#N/A	#N/A	3.3	12.9"
"Latin America and the Caribbean	18596245115	87.75	#N/A	0.7	1656.95	12.64	1300.05	6.82085E+12	#N/A	#N/A	12514301307	-1.6	-1.53	64.53	93.09	#N/A	21.7	null	6.4	12.3"
"The former Yugoslav Republic of Macedonia	162752499.1	98.07	15.35	0.44	8.16	19.43	677.94	19851000000	85.36	24.7	#N/A	1.5	3.77	1.71	44.44	29.32	#N/A	#N/A	3.9	12.2"
"South America	14570460787	83.48	#N/A	#N/A	1052.3	#N/A	#N/A	#N/A	#N/A	#N/A	9603012751	#N/A	-2.87	41.75	#N/A	#N/A	#N/A	15.3	5.1	12.2"
"Iraq	1362014995	55	7.24	0.04	134.71	#N/A	103.07	67008540181	6.77	#N/A	195657110.4	1.2	0.8	5.29	#N/A	#N/A	#N/A	#N/A	27.8	12.1"
"Northern Africa	5001331740	74.89	#N/A	0.5	470.42	#N/A	#N/A	1.52366E+12	#N/A	#N/A	1740308731	2.5	2.38	66.51	56.45	#N/A	35.3	36.6	8.3	11.9"
"Syrian Arab Republic	1095590993	70	21.52	#N/A	30.49	#N/A	57.38	44065797571	#N/A	#N/A	112841950.6	-11.8	-2.93	8.38	#N/A	#N/A	#N/A	#N/A	#N/A	11.9"
"Guatemala	476899139.1	92	22.4	0.03	15.49	12.82	574.94	52397497867	68.94	26.5	107467839.8	1.4	2.03	1.09	80.26	#N/A	4.7	33	15.6	11.7"
"Brazil	14940440448	93.53	35.16	1.28	451.25	12.54	1376.81	1.7082E+12	134.99	21.5	5210225728	-3.5	-4.59	14.31	92.68	48.89	#N/A	0.9	null	11.6"
"Mongolia	492893993.5	95	6.66	0.15	19.03	7.06	230.38	17756985571	143.43	16.8	78653166.16	1.1	0.56	10.64	93.02	#N/A	#N/A	#N/A	19.6	10.6"
"Kazakhstan	2792043776	72.7	16.6	0.17	227.85	6.41	1105.73	1.02099E+11	74.16	8.5	618103438.1	0.4	-0.34	2.95	94.64	58.72	9.3	3.3	null	10.5"
"Maldives	16332008.9	100	2.63	#N/A	#N/A	#N/A	235.52	1254730251	37.97	#N/A	12000752.92	1.2	-0.24	3.7	93.27	#N/A	#N/A	#N/A	8.5	10"
"Dominican Republic	311583677.2	98.8	#N/A	#N/A	21.8	9.86	933.79	1.51286E+11	48.87	20.9	126818306.9	4.2	5.79	0.76	78.15	27.73	#N/A	#N/A	13.5	8.8"
"Central America	3484373856	#N/A	#N/A	#N/A	496.1	#N/A	#N/A	#N/A	#N/A	#N/A	2516698593	#N/A	2	14.81	#N/A	#N/A	#N/A	17.1	6.7	8.4"
"Northern Africa and Western Asia	15593190322	80.43	#N/A	0.73	2087.84	11.89	877.31	2.64845E+12	#N/A	#N/A	7498284410	1.6	2.09	#N/A	50.83	#N/A	27	33	9	8.4"
"Sri Lanka	614501607.7	83	6.68	#N/A	19.82	#N/A	593.87	43843786312	35.75	#N/A	151283390.3	4.8	4.38	9.32	#N/A	#N/A	#N/A	#N/A	22.1	8.3"
"Western Asia	10801157140	85.52	#N/A	0.81	1616.81	#N/A	#N/A	2.39633E+12	#N/A	#N/A	5876935940	0.8	2.03	45.79	45.61	#N/A	29.1	29.4	9.6	8.2"
"Gabon	61080551.08	97	5.39	#N/A	4.93	#N/A	396	45120939432	#N/A	#N/A	17594494.27	-0.3	1.08	1.6	#N/A	#N/A	#N/A	#N/A	7	8"
"Romania	1385635395	99.9	37.85	0.49	70.04	18.18	1770.62	1.14064E+11	97.25	18.1	637645975.4	5.1	4.44	#N/A	90.52	61.29	#N/A	#N/A	null	7.5"
"Belarus	963556013.1	95.7	37.99	0.5	53.83	#N/A	1483.72	89200751886	56.36	#N/A	1799659.06	-3.7	-3.84	9.85	98.23	#N/A	#N/A	1.8	null	7.1"
"Equatorial Guinea	134058085	#N/A	#N/A	#N/A	#N/A	#N/A	#N/A	23123852914	12.24	#N/A	#N/A	-13.8	-12.59	0.17	43.88	#N/A	#N/A	#N/A	#N/A	7.1"
"Morocco	1579305091	80	27.75	#N/A	55.55	#N/A	476.39	91330604859	50.39	#N/A	251992236.4	3.1	3.48	20.41	52.29	#N/A	#N/A	#N/A	3.5	6.8"
"Costa Rica	215975525.6	99	23.06	#N/A	7.19	10.86	1216.37	85719107353	83.55	18.9	72501540.68	4.5	3.63	1.86	93.41	59.69	#N/A	14.4	5.6	6.5"
"Fiji	34138007.27	68.35	7.13	#N/A	#N/A	#N/A	483.88	2977003278	58.2	#N/A	12607187.59	5.1	3.11	6.21	#N/A	#N/A	#N/A	#N/A	4.6	6.2"
"Bulgaria	774545657.9	99.95	29.97	0.96	44.65	19.71	971.77	52007081782	152.71	19.3	170553486.9	1.8	4.26	#N/A	92.79	58.53	#N/A	#N/A	3.4	5.5"
"Tunisia	626765530.6	94	20.01	0.63	26.54	18.49	674.13	99249108536	46.16	#N/A	135066554.8	0.6	-0.05	14.27	#N/A	28.42	#N/A	#N/A	5	5.3"
"Chile	3210455918	90	13.67	0.38	82.15	11.14	1527.16	3.83463E+11	73.22	#N/A	587239635.3	0.8	1.4	4.27	95.72	71.56	#N/A	11.4	3.7	4.3"
"Northern Africa (exc. Sudan)	#N/A	81.66	#N/A	0.52	455.7	12.92	391.73	1.4244E+12	#N/A	#N/A	#N/A	#N/A	#N/A	#N/A	55.6	#N/A	#N/A	29.7	4.5	3.9"
"Thailand	5083252715	97	40.71	0.62	248.27	16.98	1636.78	4.40633E+11	125.32	13.6	1953356453	4.5	2.58	4.65	95.66	50.02	#N/A	#N/A	9.5	3.8"
"Western Asia (exc. Armenia, Azerbaijan, Cyprus, Israel and Georgia)	#N/A	83.91	#N/A	0.66	1505.75	11.9	1308.11	2.18788E+12	#N/A	#N/A	#N/A	#N/A	#N/A	#N/A	44.21	#N/A	#N/A	31.2	10.4	3.8"
"Turkey	8342330691	95.03	29.86	#N/A	317.69	18.66	1838.09	8.61426E+11	98.55	23.9	2432120413	2.6	4.4	9.28	68.6	60.02	#N/A	#N/A	null	3.7"
"Tuvalu	68458.67	#N/A	#N/A	#N/A	#N/A	#N/A	36.87	9340151.42	#N/A	#N/A	#N/A	#N/A	8.22	1.7	96.28	#N/A	#N/A	#N/A	#N/A	3.3"
"Russian Federation	13478961990	73	25.6	1.1	1470.23	14.3	1520.42	3.41204E+11	205.51	12	2724866151	-2.2	-2.91	#N/A	95.33	83.76	#N/A	#N/A	null	2.8"
"Jamaica	105751632.4	90	18.77	#N/A	7.68	6.41	377.25	26347514110	35.57	#N/A	44373657.7	-0.5	0.55	1.13	96.38	#N/A	#N/A	#N/A	8.4	2.8"
"Tonga	9706293.39	70	1.61	#N/A	#N/A	#N/A	250.39	237870154.7	57.94	#N/A	#N/A	3.2	3.14	3.25	#N/A	#N/A	#N/A	#N/A	#N/A	2.8"
"Lithuania	256982388.2	99.98	23.14	1.04	10.8	15.19	2795.01	59189000000	63.57	9.2	197641520.8	0.8	3.08	#N/A	99.6	74.9	#N/A	6.9	null	2.7"
"Azerbaijan	493658839.3	97.3	13.7	0.22	31.6	4.92	348.09	63745238451	46.88	#N/A	114638826.9	-0.6	-0.54	1.79	27.61	#N/A	#N/A	#N/A	null	2.7"
"Serbia	589172946.4	97.29	23.91	0.87	45.63	16.14	718.61	32937014934	75.51	20.1	#N/A	0.2	1.27	5.12	96.27	#N/A	#N/A	3.9	5.6	2.5"
"Latvia	192667703.5	95	21.52	0.63	7.18	12.98	1653.66	31136022176	81.09	10.5	85447883.9	1.6	4.05	#N/A	99.71	82.32	#N/A	1.8	null	2.5"
"Estonia	262891586.8	100	28.81	1.49	16.07	18.82	2646.9	19021896228	83.75	10.8	73438788.98	-1	1.91	#N/A	93.03	89.36	#N/A	0.9	null	2.5"
"Albania	166854973.9	99	6.69	#N/A	4.88	9.25	225.74	14515818810	56.83	32.8	61827810.89	-2.7	2.14	3.67	89.49	49.72	#N/A	29.7	4.9	2.4"
"Jordan	402360957.5	99	27.37	#N/A	24.46	#N/A	542.5	8168334045	39.68	#N/A	118960261.9	-0.5	-1.52	4.04	#N/A	53.7	#N/A	38.1	4.2	2.3"
"Ukraine	3227419045	35	30.36	0.61	192.68	12.58	350.94	1.27947E+11	87.47	17.6	1007602401	-9.7	-9.32	10.65	#N/A	#N/A	#N/A	#N/A	null	2.1"
"State of Palestine	#N/A	0	2.2	#N/A	#N/A	12.26	276.32	#N/A	33.31	31.6	#N/A	-3.8	0.65	5.88	64.68	#N/A	#N/A	28.5	#N/A	1.8"
"Montenegro	30012119.27	97.2	16.06	0.37	3.11	6.68	326.86	3187660131	119.06	16.5	26227969.54	2.9	3.31	0.69	65.81	58.12	#N/A	5.4	null	1.7"
"Iran (Islamic Republic of)	6717617668	59.81	39.79	#N/A	554.48	16.82	685.53	4.504E+11	97.5	#N/A	2149673532	-4.7	-2.5	5.65	46.93	#N/A	#N/A	#N/A	5.5	1.7"
"Greece	782041156.6	99.3	20.93	0.96	65.14	9.26	1662.24	1.18161E+11	85.48	17.2	557947702	-2.2	0.13	#N/A	93.84	72.68	#N/A	7.8	null	1.5"
"Italy	2772571772	100	42.73	1.33	331.03	18.35	4995.34	9.87564E+11	145.82	21.3	2293678170	0.2	1.14	#N/A	98.45	79.07	#N/A	3	null	1.4"
"Southern Europe	4080044354	#N/A	#N/A	#N/A	800.3	#N/A	#N/A	#N/A	#N/A	#N/A	5559525744	#N/A	2.11	13.19	#N/A	#N/A	#N/A	4.8	null	1.4"
"Eastern Europe	13256060191	#N/A	#N/A	#N/A	2286.78	#N/A	#N/A	#N/A	#N/A	#N/A	6580815404	#N/A	-0.34	40.25	#N/A	#N/A	#N/A	3.6	null	1.3"
"United States of America	37096605672	99.9	41.17	2.78	4998.01	10.96	6027.48	1.01419E+13	33.03	#N/A	19702774863	1	2.15	#N/A	86.76	80.97	#N/A	3	null	1.3"
"Spain	2471227237	99.4	40.24	1.22	247.32	12.45	3863.49	3.8089E+11	184.28	15.6	1999679925	0.6	3.71	#N/A	96.79	83.75	#N/A	3.3	null	1.2"
"Croatia	174754808.6	99.06	29.94	0.85	15.95	16.63	1707.62	56649333183	157	18.1	105293896.6	-0.2	2.87	#N/A	96.68	80.13	#N/A	2.1	null	1.2"
"Polynesia	#N/A	#N/A	#N/A	#N/A	null	#N/A	#N/A	#N/A	#N/A	#N/A	#N/A	#N/A	1.17	11.3	#N/A	#N/A	#N/A	null	4.2	1.2"
"Cuba	413317964.5	0	#N/A	0.43	31.11	#N/A	641.05	1.13111E+11	#N/A	#N/A	158827999	4	4.24	1.13	99.82	#N/A	#N/A	#N/A	null	1.1"
"Seychelles	1418759.07	90	#N/A	#N/A	#N/A	7.3	994.5	1609999501	119.01	#N/A	4328045.28	#N/A	4.43	0.88	97.42	#N/A	#N/A	9.3	#N/A	1.1"
"Europe	29273338718	88.65	#N/A	1.85	5071.59	#N/A	#N/A	6.02438E+12	#N/A	#N/A	25978599776	1.1	1.67	53.44	96.13	#N/A	#N/A	4.8	null	1.1"
"Australia	4870936459	99	28.17	#N/A	381.62	8.23	4070.5	5.18862E+11	192.74	9.8	2020539986	0.6	1.36	#N/A	87.03	82.17	#N/A	8.4	null	1"
"Portugal	568087237.5	99.1	25.74	1.27	47.39	16.91	2678.15	1.24211E+11	223.47	11.3	346062394.7	0.5	2.34	#N/A	95.92	82.95	#N/A	12.3	null	1"
"Northern America	21500998706	99.75	#N/A	2.7	5547.04	#N/A	#N/A	1.05985E+13	#N/A	#N/A	22172547063	1	1.93	#N/A	87.65	#N/A	#N/A	3	null	0.9"
"Sweden	975961961.5	99.99	48.92	3.25	37.24	10.41	8223.79	1.64435E+11	59.86	6.8	464729998.5	3	3.73	#N/A	98.14	81.57	#N/A	2.4	null	0.9"
"Australia and New Zealand	2765199993	98.84	#N/A	1.85	412.75	8.16	4004.67	3.49433E+11	#N/A	#N/A	2241932140	0.7	1.49	#N/A	88.1	#N/A	#N/A	8.4	null	0.9"
"Europe and Northern America	50774337370	93.3	#N/A	2.25	10618.57	13.43	4646.34	1.87867E+13	#N/A	#N/A	48151146785	1.1	1.89	#N/A	93.03	#N/A	#N/A	4.2	null	0.8"
"Hungary	1070902983	99	58.78	1.36	42.88	21.41	2779.41	1.14306E+11	72.37	11.6	280531445.6	0.2	3.68	#N/A	93.76	72.52	#N/A	3.6	null	0.7"
"Developed regions (Europe, Cyprus, Israel, Northern America, Japan, Australia & New Zealand)	39017241889	94.13	#N/A	2.36	12240.4	13.67	5052.39	2.0815E+13	#N/A	#N/A	37109457011	#N/A	#N/A	53.44	92.81	#N/A	#N/A	3.9	#N/A	0.7"
"Israel	646350431.2	99	42.81	4.26	62.6	11.49	4136.82	90407699935	153.29	15.5	347010634.3	0.4	1.06	#N/A	99.47	73.41	#N/A	3.3	null	0.7"
"Austria	829128805.8	98	45.93	3.03	62.44	15.98	8478.79	1.06939E+11	131.75	7.5	533641262.8	0.6	0.43	#N/A	#N/A	77.46	#N/A	#N/A	null	0.7"
"Slovakia	342532208.4	93	48.19	1.18	29.93	24.68	4292.35	69771000000	87.79	13.7	469571856	1.2	3.73	#N/A	#N/A	67.9	#N/A	3.3	3.1	0.7"
"Ireland	387701437	95	61.02	#N/A	35.49	11.36	19109.16	74812992059	119.85	14.3	201201203.4	23.6	25.19	#N/A	91.41	89.81	#N/A	11.7	null	0.7"
"Uruguay	678484303	90	15.29	0.36	6.59	11.07	1745.83	73463880735	66.67	18.7	227236087	1.4	0.02	1.36	96.88	60.99	#N/A	#N/A	null	0.6"
"Samoa	5950070.16	86	#N/A	#N/A	#N/A	#N/A	351.87	300462778.4	62.5	#N/A	3139448.36	1	2.16	5.95	30.46	#N/A	#N/A	#N/A	3.2	0.6"
"Malaysia	2957386960	92	42.56	1.3	221.08	16.51	2490.64	3.96884E+11	60.95	#N/A	1355303508	2.4	3.28	3.59	98.6	62.82	8	#N/A	null	0.5"
"Denmark	573725154.6	99.99	53.38	2.96	32.17	11.94	7363.4	66544000000	76.51	6.2	274717079.1	0.6	1.16	#N/A	96.08	85	#N/A	2.4	null	0.5"
"United Kingdom of Great Britain and Northern Ireland	3317266647	99.6	47.37	1.69	390.07	9.59	3425.85	7.26957E+11	131.31	11.1	2897448045	0.7	1.75	#N/A	97.65	82.12	#N/A	12.6	null	0.5"
"Mauritius	89268469.62	92.8	8.86	#N/A	4.33	21.75	1296.09	7055941702	67.31	#N/A	51378130.09	2	3.28	1.97	95.04	#N/A	#N/A	15	5.2	0.5"
"Malta	40855491.68	100	19.18	0.73	1.77	12.42	2036.69	9308191586	95.5	10.4	21994650.13	5.4	6.55	#N/A	97.16	64.45	#N/A	#N/A	null	0.5"
"Northern Europe	3732018649	#N/A	#N/A	#N/A	608.04	#N/A	#N/A	#N/A	#N/A	#N/A	4989597604	#N/A	3.13	#N/A	#N/A	#N/A	#N/A	9.6	null	0.5"
"Algeria	2090186078	46	9.14	#N/A	131.48	#N/A	207.81	2.68474E+11	13.47	21.2	235303972.1	3.1	1.73	14.61	#N/A	21.03	#N/A	#N/A	4.6	0.5"
"Canada	6011423619	99.3	30.57	#N/A	549.88	9.54	5065.38	4.56621E+11	244.18	10.3	2469772270	0.1	-0.03	#N/A	#N/A	89.32	#N/A	1.8	null	0.4"
"Republic of Korea	3613254822	99	63.65	4.22	586.54	17.3	7146.97	5.03189E+11	293.05	#N/A	2558211653	1.8	2.37	#N/A	90.81	86.34	#N/A	#N/A	null	0.3"
"Bosnia and Herzegovina	227340607.6	96	17.55	0.22	23.78	#N/A	620.4	11401925127	80.32	27.7	55692600.79	2.4	3.95	2	#N/A	#N/A	#N/A	4.2	null	0.3"
"Japan	7284842975	99.9	55.34	3.29	1142	16.66	8859.27	1.30578E+12	161.79	3.6	6025823648	0.7	1.26	#N/A	91.11	87.12	#N/A	1.2	null	0.3"
"Belgium	1130768529	100	49.47	2.45	92.91	12.95	6248.78	1.37179E+11	101.1	12.2	512913026.5	1.1	0.79	#N/A	99.18	80.47	#N/A	#N/A	null	0.2"
"Norway	710955911.8	99	46.06	1.93	36.98	8.61	6358.13	86624839536	53.54	5	386785095.2	0.9	0.8	#N/A	99.73	85.09	#N/A	3.6	null	0.2"
"Iceland	20932090	99	16.57	2.19	2.38	10.24	6627.06	8232384295	103.18	4.6	20683481.99	1.5	3.53	#N/A	99.78	77.91	#N/A	#N/A	null	0.2"
"Luxembourg	98281457.91	99	21.26	1.29	9.29	4.6	5591.85	11369833395	185.17	6.2	116451668.4	2.1	0.97	#N/A	99.04	74.36	#N/A	6	null	0.2"
"Netherlands	1498285337	99	48.19	1.99	156.42	9.45	5455.55	1.93384E+11	63.66	4.7	876826492.8	0.8	1.96	#N/A	99.54	81.94	#N/A	4.2	null	0.2"
"Lebanon	354140845	97	19.95	#N/A	23.32	#N/A	602.72	43615025125	62.93	#N/A	172829057.6	-3.5	-3.46	2.53	93.56	29.63	#N/A	#N/A	5.4	0.1"
"Poland	3997107330	100	35.45	1	282.98	19.32	2542.89	5.78949E+11	99.62	11	1280428436	2.5	3.92	#N/A	99.5	85.59	#N/A	#N/A	null	0.1"
"Slovenia	174156134.1	99.5	48.65	2.2	13.22	23.4	4344.61	38545457984	126.59	9.5	91120975.78	2.1	2.06	#N/A	93.99	84.86	#N/A	#N/A	null	0"
"Finland	804184365.6	99.9	44.53	2.9	42.45	13.47	6598.58	65262000000	39.83	10.6	387505032.3	0.8	-0.41	#N/A	97.56	88.91	#N/A	#N/A	null	0"
"Western Europe	8205215644	#N/A	#N/A	#N/A	1377.14	#N/A	#N/A	#N/A	#N/A	#N/A	8848661148	#N/A	1.1	#N/A	#N/A	#N/A	#N/A	4.2	null	0"
"France	4774640709	99	49.38	2.22	290.74	12.21	4425.9	9.8961E+11	144.51	11.9	2763047564	1	0.64	#N/A	99.76	78.51	#N/A	4.2	null	0"
"Germany	7401347542	95.7	61.4	2.86	730.1	19.3	9505.98	1.34334E+12	135.07	6.2	3538513944	1.2	1.47	#N/A	#N/A	84.02	#N/A	3	null	0"
"Cyprus	73783249.63	90.01	22.71	0.45	6.66	7.79	814.89	6176338099	87.37	15.3	46318821.87	0.3	2.64	#N/A	94.59	#N/A	#N/A	#N/A	4.7	0"
"Switzerland	677978824.8	100	63.04	#N/A	37.44	12.59	13792	99833778029	143.05	7.4	507267661.8	-0.6	0.13	#N/A	99.5	80.02	#N/A	4.5	null	0"
"Czechia	1094697566	99	50.51	1.93	100.09	27.31	4952.59	1.32827E+11	74.4	7.5	#N/A	3.3	5.26	#N/A	#N/A	77.05	#N/A	2.7	null	0"